NORD CUP 2020_2020-03-13,dnd beginner,ирина кудрявцева
NORD CUP 2020_2020-03-13,dnd beginner,кудрявцев михаил
NORD CUP 2020_2020-03-13,dnd beginner,лебедев сергей
NORD CUP 2020_2020-03-13,dnd beginner,александр милованов
NORD CUP 2020_2020-03-13,dnd beginner,ирина кудрявцева
NORD CUP 2020_2020-03-13,dnd beginner,кудрявцев михаил
NORD CUP 2020_2020-03-13,dnd beginner,лебедев сергей
NORD CUP 2020_2020-03-13,dnd beginner,александр милованов
NORD CUP 2020_2020-03-13,dnd risingstar,екатерина николаева
NORD CUP 2020_2020-03-13,dnd risingstar,ирина кудрявцева
NORD CUP 2020_2020-03-13,dnd risingstar,кудрявцев михаил
NORD CUP 2020_2020-03-13,dnd risingstar,александр милованов
NORD CUP 2020_2020-03-13,dnd risingstar,екатерина николаева
NORD CUP 2020_2020-03-13,dnd risingstar,ирина кудрявцева
NORD CUP 2020_2020-03-13,dnd risingstar,кудрявцев михаил
NORD CUP 2020_2020-03-13,dnd risingstar,александр милованов
NORD CUP 2020_2020-03-13,dnd main,арутюнян евгений
NORD CUP 2020_2020-03-13,dnd main,ирина кудрявцева
NORD CUP 2020_2020-03-13,dnd main,лебедев сергей
NORD CUP 2020_2020-03-13,dnd main,александр милованов
NORD CUP 2020_2020-03-13,dnd main,арутюнян евгений
NORD CUP 2020_2020-03-13,dnd main,ирина кудрявцева
NORD CUP 2020_2020-03-13,dnd main,лебедев сергей
NORD CUP 2020_2020-03-13,dnd main,александр милованов
NORD CUP 2020_2020-03-13,dnd star+ch,екатерина николаева
NORD CUP 2020_2020-03-13,dnd star+ch,кудрявцев михаил
NORD CUP 2020_2020-03-13,dnd star+ch,лебедев сергей
NORD CUP 2020_2020-03-13,dnd star+ch,александр милованов
NORD CUP 2020_2020-03-13,dnd star+ch,екатерина николаева
NORD CUP 2020_2020-03-13,dnd star+ch,кудрявцев михаил
NORD CUP 2020_2020-03-13,dnd star+ch,лебедев сергей
NORD CUP 2020_2020-03-13,dnd star+ch,александр милованов
Rock'n'Dance CUP 2020_2020-03-22,dnd beginner 0,анна болотина
Rock'n'Dance CUP 2020_2020-03-22,dnd beginner 0,иван могучих
Rock'n'Dance CUP 2020_2020-03-22,dnd beginner 0,анна болотина
Rock'n'Dance CUP 2020_2020-03-22,dnd beginner 0,иван могучих
Rock'n'Dance CUP 2020_2020-03-22,dnd beginner,анна болотина
Rock'n'Dance CUP 2020_2020-03-22,dnd beginner,иван могучих
Rock'n'Dance CUP 2020_2020-03-22,dnd beginner,анна болотина
Rock'n'Dance CUP 2020_2020-03-22,dnd beginner,иван могучих
Rock'n'Dance CUP 2020_2020-03-22,dnd risingstar 0,анна болотина
Rock'n'Dance CUP 2020_2020-03-22,dnd risingstar 0,иван могучих
Rock'n'Dance CUP 2020_2020-03-22,dnd risingstar 0,анна болотина
Rock'n'Dance CUP 2020_2020-03-22,dnd risingstar 0,иван могучих
Rock'n'Dance CUP 2020_2020-03-22,dnd risingstar,анна болотина
Rock'n'Dance CUP 2020_2020-03-22,dnd risingstar,иван могучих
Rock'n'Dance CUP 2020_2020-03-22,dnd risingstar,анна болотина
Rock'n'Dance CUP 2020_2020-03-22,dnd risingstar,иван могучих
Rock'n'Dance CUP 2020_2020-03-22,dnd main+star,анна болотина
Rock'n'Dance CUP 2020_2020-03-22,dnd main+star,иван могучих
Rock'n'Dance CUP 2020_2020-03-22,dnd main+star,анна болотина
Rock'n'Dance CUP 2020_2020-03-22,dnd main+star,иван могучих
Free your mind_2020-07-04,dnd beginner (нерейтинг),катунин павел
Free your mind_2020-07-04,dnd beginner (нерейтинг),екатерина николаева
Free your mind_2020-07-04,dnd beginner (нерейтинг),андрей коньков
Free your mind_2020-07-04,dnd beginner (нерейтинг),роман самохвалов
Free your mind_2020-07-04,dnd beginner (нерейтинг),дутчак татьяна
Free your mind_2020-07-04,dnd beginner (нерейтинг),катунин павел
Free your mind_2020-07-04,dnd beginner (нерейтинг),екатерина николаева
Free your mind_2020-07-04,dnd beginner (нерейтинг),андрей коньков
Free your mind_2020-07-04,dnd beginner (нерейтинг),роман самохвалов
Free your mind_2020-07-04,dnd beginner (нерейтинг),дутчак татьяна
Free your mind_2020-07-04,dnd beginner,катунин павел
Free your mind_2020-07-04,dnd beginner,екатерина николаева
Free your mind_2020-07-04,dnd beginner,андрей коньков
Free your mind_2020-07-04,dnd beginner,роман самохвалов
Free your mind_2020-07-04,dnd beginner,дутчак татьяна
Free your mind_2020-07-04,dnd beginner,катунин павел
Free your mind_2020-07-04,dnd beginner,екатерина николаева
Free your mind_2020-07-04,dnd beginner,андрей коньков
Free your mind_2020-07-04,dnd beginner,роман самохвалов
Free your mind_2020-07-04,dnd beginner,дутчак татьяна
Free your mind_2020-07-04,dnd risingstar 0,катунин павел
Free your mind_2020-07-04,dnd risingstar 0,екатерина николаева
Free your mind_2020-07-04,dnd risingstar 0,андрей коньков
Free your mind_2020-07-04,dnd risingstar 0,роман самохвалов
Free your mind_2020-07-04,dnd risingstar 0,дутчак татьяна
Free your mind_2020-07-04,dnd risingstar 0,катунин павел
Free your mind_2020-07-04,dnd risingstar 0,екатерина николаева
Free your mind_2020-07-04,dnd risingstar 0,андрей коньков
Free your mind_2020-07-04,dnd risingstar 0,роман самохвалов
Free your mind_2020-07-04,dnd risingstar 0,дутчак татьяна
Free your mind_2020-07-04,dnd risingstar (нерейтинг),катунин павел
Free your mind_2020-07-04,dnd risingstar (нерейтинг),екатерина николаева
Free your mind_2020-07-04,dnd risingstar (нерейтинг),андрей коньков
Free your mind_2020-07-04,dnd risingstar (нерейтинг),роман самохвалов
Free your mind_2020-07-04,dnd risingstar (нерейтинг),дутчак татьяна
Free your mind_2020-07-04,dnd risingstar (нерейтинг),катунин павел
Free your mind_2020-07-04,dnd risingstar (нерейтинг),екатерина николаева
Free your mind_2020-07-04,dnd risingstar (нерейтинг),андрей коньков
Free your mind_2020-07-04,dnd risingstar (нерейтинг),роман самохвалов
Free your mind_2020-07-04,dnd risingstar (нерейтинг),дутчак татьяна
Free your mind_2020-07-04,dnd risingstar,катунин павел
Free your mind_2020-07-04,dnd risingstar,екатерина николаева
Free your mind_2020-07-04,dnd risingstar,андрей коньков
Free your mind_2020-07-04,dnd risingstar,роман самохвалов
Free your mind_2020-07-04,dnd risingstar,дутчак татьяна
Free your mind_2020-07-04,dnd risingstar,катунин павел
Free your mind_2020-07-04,dnd risingstar,екатерина николаева
Free your mind_2020-07-04,dnd risingstar,андрей коньков
Free your mind_2020-07-04,dnd risingstar,роман самохвалов
Free your mind_2020-07-04,dnd risingstar,дутчак татьяна
Free your mind_2020-07-04,dnd main (нерейтинг),катунин павел
Free your mind_2020-07-04,dnd main (нерейтинг),екатерина николаева
Free your mind_2020-07-04,dnd main (нерейтинг),андрей коньков
Free your mind_2020-07-04,dnd main (нерейтинг),гриненко никита
Free your mind_2020-07-04,dnd main (нерейтинг),дутчак татьяна
Free your mind_2020-07-04,dnd main (нерейтинг),катунин павел
Free your mind_2020-07-04,dnd main (нерейтинг),екатерина николаева
Free your mind_2020-07-04,dnd main (нерейтинг),андрей коньков
Free your mind_2020-07-04,dnd main (нерейтинг),гриненко никита
Free your mind_2020-07-04,dnd main (нерейтинг),дутчак татьяна
Free your mind_2020-07-04,dnd main,катунин павел
Free your mind_2020-07-04,dnd main,екатерина николаева
Free your mind_2020-07-04,dnd main,андрей коньков
Free your mind_2020-07-04,dnd main,гриненко никита
Free your mind_2020-07-04,dnd main,дутчак татьяна
Free your mind_2020-07-04,dnd main,катунин павел
Free your mind_2020-07-04,dnd main,екатерина николаева
Free your mind_2020-07-04,dnd main,андрей коньков
Free your mind_2020-07-04,dnd main,гриненко никита
Free your mind_2020-07-04,dnd main,дутчак татьяна
Free your mind_2020-07-04,dnd star 0,катунин павел
Free your mind_2020-07-04,dnd star 0,екатерина николаева
Free your mind_2020-07-04,dnd star 0,андрей коньков
Free your mind_2020-07-04,dnd star 0,гриненко никита
Free your mind_2020-07-04,dnd star 0,дутчак татьяна
Free your mind_2020-07-04,dnd star 0,катунин павел
Free your mind_2020-07-04,dnd star 0,екатерина николаева
Free your mind_2020-07-04,dnd star 0,андрей коньков
Free your mind_2020-07-04,dnd star 0,гриненко никита
Free your mind_2020-07-04,dnd star 0,дутчак татьяна
Free your mind_2020-07-04,dnd s+ch (нерейтинг),катунин павел
Free your mind_2020-07-04,dnd s+ch (нерейтинг),екатерина николаева
Free your mind_2020-07-04,dnd s+ch (нерейтинг),андрей коньков
Free your mind_2020-07-04,dnd s+ch (нерейтинг),гриненко никита
Free your mind_2020-07-04,dnd s+ch (нерейтинг),дутчак татьяна
Free your mind_2020-07-04,dnd s+ch (нерейтинг),катунин павел
Free your mind_2020-07-04,dnd s+ch (нерейтинг),екатерина николаева
Free your mind_2020-07-04,dnd s+ch (нерейтинг),андрей коньков
Free your mind_2020-07-04,dnd s+ch (нерейтинг),гриненко никита
Free your mind_2020-07-04,dnd s+ch (нерейтинг),дутчак татьяна
Кубок Лета_2020-08-08,dnd beginner 0+1,александр милованов
Кубок Лета_2020-08-08,dnd beginner 0+1,мавлатов юрий
Кубок Лета_2020-08-08,dnd beginner 0+1,андрей коньков
Кубок Лета_2020-08-08,dnd beginner 0+1,екатерина николаева
Кубок Лета_2020-08-08,dnd beginner 0+1,дубровин игорь
Кубок Лета_2020-08-08,dnd beginner 0+1,анастасия лукьянова
Кубок Лета_2020-08-08,dnd beginner 0+1,арутюнян евгений
Кубок Лета_2020-08-08,dnd beginner 0+1,александр милованов
Кубок Лета_2020-08-08,dnd beginner 0+1,мавлатов юрий
Кубок Лета_2020-08-08,dnd beginner 0+1,андрей коньков
Кубок Лета_2020-08-08,dnd beginner 0+1,екатерина николаева
Кубок Лета_2020-08-08,dnd beginner 0+1,дубровин игорь
Кубок Лета_2020-08-08,dnd beginner 0+1,анастасия лукьянова
Кубок Лета_2020-08-08,dnd beginner 0+1,арутюнян евгений
Кубок Лета_2020-08-08,dnd beginner,александр милованов
Кубок Лета_2020-08-08,dnd beginner,мавлатов юрий
Кубок Лета_2020-08-08,dnd beginner,андрей коньков
Кубок Лета_2020-08-08,dnd beginner,екатерина николаева
Кубок Лета_2020-08-08,dnd beginner,дубровин игорь
Кубок Лета_2020-08-08,dnd beginner,анастасия лукьянова
Кубок Лета_2020-08-08,dnd beginner,арутюнян евгений
Кубок Лета_2020-08-08,dnd beginner,александр милованов
Кубок Лета_2020-08-08,dnd beginner,мавлатов юрий
Кубок Лета_2020-08-08,dnd beginner,андрей коньков
Кубок Лета_2020-08-08,dnd beginner,екатерина николаева
Кубок Лета_2020-08-08,dnd beginner,дубровин игорь
Кубок Лета_2020-08-08,dnd beginner,анастасия лукьянова
Кубок Лета_2020-08-08,dnd beginner,арутюнян евгений
Кубок Лета_2020-08-08,dnd днд сеньоры 4ка,александр милованов
Кубок Лета_2020-08-08,dnd днд сеньоры 4ка,мавлатов юрий
Кубок Лета_2020-08-08,dnd днд сеньоры 4ка,андрей коньков
Кубок Лета_2020-08-08,dnd днд сеньоры 4ка,екатерина николаева
Кубок Лета_2020-08-08,dnd днд сеньоры 4ка,дубровин игорь
Кубок Лета_2020-08-08,dnd днд сеньоры 4ка,анастасия лукьянова
Кубок Лета_2020-08-08,dnd днд сеньоры 4ка,арутюнян евгений
Кубок Лета_2020-08-08,dnd днд сеньоры 4ка,александр милованов
Кубок Лета_2020-08-08,dnd днд сеньоры 4ка,мавлатов юрий
Кубок Лета_2020-08-08,dnd днд сеньоры 4ка,андрей коньков
Кубок Лета_2020-08-08,dnd днд сеньоры 4ка,екатерина николаева
Кубок Лета_2020-08-08,dnd днд сеньоры 4ка,дубровин игорь
Кубок Лета_2020-08-08,dnd днд сеньоры 4ка,анастасия лукьянова
Кубок Лета_2020-08-08,dnd днд сеньоры 4ка,арутюнян евгений
SIBERIAN JAM_2020-09-19,dnd beginner 0+1,лебедев сергей
SIBERIAN JAM_2020-09-19,dnd beginner 0+1,екатерина николаева
SIBERIAN JAM_2020-09-19,dnd beginner 0+1,арутюнян евгений
SIBERIAN JAM_2020-09-19,dnd beginner 0+1,алексей евдокимов
SIBERIAN JAM_2020-09-19,dnd beginner 0+1,алексей карпунин
SIBERIAN JAM_2020-09-19,dnd beginner 0+1,лебедев сергей
SIBERIAN JAM_2020-09-19,dnd beginner 0+1,екатерина николаева
SIBERIAN JAM_2020-09-19,dnd beginner 0+1,арутюнян евгений
SIBERIAN JAM_2020-09-19,dnd beginner 0+1,алексей евдокимов
SIBERIAN JAM_2020-09-19,dnd beginner 0+1,алексей карпунин
SIBERIAN JAM_2020-09-19,dnd beginner,лебедев сергей
SIBERIAN JAM_2020-09-19,dnd beginner,екатерина николаева
SIBERIAN JAM_2020-09-19,dnd beginner,арутюнян евгений
SIBERIAN JAM_2020-09-19,dnd beginner,алексей евдокимов
SIBERIAN JAM_2020-09-19,dnd beginner,алексей карпунин
SIBERIAN JAM_2020-09-19,dnd beginner,лебедев сергей
SIBERIAN JAM_2020-09-19,dnd beginner,екатерина николаева
SIBERIAN JAM_2020-09-19,dnd beginner,арутюнян евгений
SIBERIAN JAM_2020-09-19,dnd beginner,алексей евдокимов
SIBERIAN JAM_2020-09-19,dnd beginner,алексей карпунин
SIBERIAN JAM_2020-09-19,dnd risingstar 0+1,лебедев сергей
SIBERIAN JAM_2020-09-19,dnd risingstar 0+1,екатерина николаева
SIBERIAN JAM_2020-09-19,dnd risingstar 0+1,арутюнян евгений
SIBERIAN JAM_2020-09-19,dnd risingstar 0+1,алексей евдокимов
SIBERIAN JAM_2020-09-19,dnd risingstar 0+1,алексей карпунин
SIBERIAN JAM_2020-09-19,dnd risingstar 0+1,лебедев сергей
SIBERIAN JAM_2020-09-19,dnd risingstar 0+1,екатерина николаева
SIBERIAN JAM_2020-09-19,dnd risingstar 0+1,арутюнян евгений
SIBERIAN JAM_2020-09-19,dnd risingstar 0+1,алексей евдокимов
SIBERIAN JAM_2020-09-19,dnd risingstar 0+1,алексей карпунин
SIBERIAN JAM_2020-09-19,dnd risingstar,лебедев сергей
SIBERIAN JAM_2020-09-19,dnd risingstar,екатерина николаева
SIBERIAN JAM_2020-09-19,dnd risingstar,арутюнян евгений
SIBERIAN JAM_2020-09-19,dnd risingstar,алексей евдокимов
SIBERIAN JAM_2020-09-19,dnd risingstar,алексей карпунин
SIBERIAN JAM_2020-09-19,dnd risingstar,лебедев сергей
SIBERIAN JAM_2020-09-19,dnd risingstar,екатерина николаева
SIBERIAN JAM_2020-09-19,dnd risingstar,арутюнян евгений
SIBERIAN JAM_2020-09-19,dnd risingstar,алексей евдокимов
SIBERIAN JAM_2020-09-19,dnd risingstar,алексей карпунин
SIBERIAN JAM_2020-09-19,dnd main,лебедев сергей
SIBERIAN JAM_2020-09-19,dnd main,екатерина николаева
SIBERIAN JAM_2020-09-19,dnd main,арутюнян евгений
SIBERIAN JAM_2020-09-19,dnd main,алексей евдокимов
SIBERIAN JAM_2020-09-19,dnd main,алексей карпунин
SIBERIAN JAM_2020-09-19,dnd main,лебедев сергей
SIBERIAN JAM_2020-09-19,dnd main,екатерина николаева
SIBERIAN JAM_2020-09-19,dnd main,арутюнян евгений
SIBERIAN JAM_2020-09-19,dnd main,алексей евдокимов
SIBERIAN JAM_2020-09-19,dnd main,алексей карпунин
SIBERIAN JAM_2020-09-19,dnd s+ch,лебедев сергей
SIBERIAN JAM_2020-09-19,dnd s+ch,екатерина николаева
SIBERIAN JAM_2020-09-19,dnd s+ch,арутюнян евгений
SIBERIAN JAM_2020-09-19,dnd s+ch,алексей евдокимов
SIBERIAN JAM_2020-09-19,dnd s+ch,алексей карпунин
SIBERIAN JAM_2020-09-19,dnd s+ch,лебедев сергей
SIBERIAN JAM_2020-09-19,dnd s+ch,екатерина николаева
SIBERIAN JAM_2020-09-19,dnd s+ch,арутюнян евгений
SIBERIAN JAM_2020-09-19,dnd s+ch,алексей евдокимов
SIBERIAN JAM_2020-09-19,dnd s+ch,алексей карпунин
"Открытие Сезона 2020-2021, г. Москва_2020-09-27",dnd beginner 0+1,лебедев сергей
"Открытие Сезона 2020-2021, г. Москва_2020-09-27",dnd beginner 0+1,катунин павел
"Открытие Сезона 2020-2021, г. Москва_2020-09-27",dnd beginner 0+1,волконский иван
"Открытие Сезона 2020-2021, г. Москва_2020-09-27",dnd beginner 0+1,александр милованов
"Открытие Сезона 2020-2021, г. Москва_2020-09-27",dnd beginner 0+1,кудрявцев михаил
"Открытие Сезона 2020-2021, г. Москва_2020-09-27",dnd beginner 0+1,лебедев сергей
"Открытие Сезона 2020-2021, г. Москва_2020-09-27",dnd beginner 0+1,катунин павел
"Открытие Сезона 2020-2021, г. Москва_2020-09-27",dnd beginner 0+1,волконский иван
"Открытие Сезона 2020-2021, г. Москва_2020-09-27",dnd beginner 0+1,александр милованов
"Открытие Сезона 2020-2021, г. Москва_2020-09-27",dnd beginner 0+1,кудрявцев михаил
"Открытие Сезона 2020-2021, г. Москва_2020-09-27",dnd beginner,лебедев сергей
"Открытие Сезона 2020-2021, г. Москва_2020-09-27",dnd beginner,катунин павел
"Открытие Сезона 2020-2021, г. Москва_2020-09-27",dnd beginner,волконский иван
"Открытие Сезона 2020-2021, г. Москва_2020-09-27",dnd beginner,александр милованов
"Открытие Сезона 2020-2021, г. Москва_2020-09-27",dnd beginner,кудрявцев михаил
"Открытие Сезона 2020-2021, г. Москва_2020-09-27",dnd beginner,лебедев сергей
"Открытие Сезона 2020-2021, г. Москва_2020-09-27",dnd beginner,катунин павел
"Открытие Сезона 2020-2021, г. Москва_2020-09-27",dnd beginner,волконский иван
"Открытие Сезона 2020-2021, г. Москва_2020-09-27",dnd beginner,александр милованов
"Открытие Сезона 2020-2021, г. Москва_2020-09-27",dnd beginner,кудрявцев михаил
"Открытие Сезона 2020-2021, г. Москва_2020-09-27",dnd risingstar,лебедев сергей
"Открытие Сезона 2020-2021, г. Москва_2020-09-27",dnd risingstar,катунин павел
"Открытие Сезона 2020-2021, г. Москва_2020-09-27",dnd risingstar,волконский иван
"Открытие Сезона 2020-2021, г. Москва_2020-09-27",dnd risingstar,александр милованов
"Открытие Сезона 2020-2021, г. Москва_2020-09-27",dnd risingstar,кудрявцев михаил
"Открытие Сезона 2020-2021, г. Москва_2020-09-27",dnd risingstar,лебедев сергей
"Открытие Сезона 2020-2021, г. Москва_2020-09-27",dnd risingstar,катунин павел
"Открытие Сезона 2020-2021, г. Москва_2020-09-27",dnd risingstar,волконский иван
"Открытие Сезона 2020-2021, г. Москва_2020-09-27",dnd risingstar,александр милованов
"Открытие Сезона 2020-2021, г. Москва_2020-09-27",dnd risingstar,кудрявцев михаил
"Открытие Сезона 2020-2021, г. Москва_2020-09-27",dnd main,лебедев сергей
"Открытие Сезона 2020-2021, г. Москва_2020-09-27",dnd main,катунин павел
"Открытие Сезона 2020-2021, г. Москва_2020-09-27",dnd main,волконский иван
"Открытие Сезона 2020-2021, г. Москва_2020-09-27",dnd main,александр милованов
"Открытие Сезона 2020-2021, г. Москва_2020-09-27",dnd main,кудрявцев михаил
"Открытие Сезона 2020-2021, г. Москва_2020-09-27",dnd main,лебедев сергей
"Открытие Сезона 2020-2021, г. Москва_2020-09-27",dnd main,катунин павел
"Открытие Сезона 2020-2021, г. Москва_2020-09-27",dnd main,волконский иван
"Открытие Сезона 2020-2021, г. Москва_2020-09-27",dnd main,александр милованов
"Открытие Сезона 2020-2021, г. Москва_2020-09-27",dnd main,кудрявцев михаил
"Открытие Сезона 2020-2021, г. Москва_2020-09-27",dnd s+ch,лебедев сергей
"Открытие Сезона 2020-2021, г. Москва_2020-09-27",dnd s+ch,катунин павел
"Открытие Сезона 2020-2021, г. Москва_2020-09-27",dnd s+ch,волконский иван
"Открытие Сезона 2020-2021, г. Москва_2020-09-27",dnd s+ch,александр милованов
"Открытие Сезона 2020-2021, г. Москва_2020-09-27",dnd s+ch,кудрявцев михаил
"Открытие Сезона 2020-2021, г. Москва_2020-09-27",dnd s+ch,лебедев сергей
"Открытие Сезона 2020-2021, г. Москва_2020-09-27",dnd s+ch,катунин павел
"Открытие Сезона 2020-2021, г. Москва_2020-09-27",dnd s+ch,волконский иван
"Открытие Сезона 2020-2021, г. Москва_2020-09-27",dnd s+ch,александр милованов
"Открытие Сезона 2020-2021, г. Москва_2020-09-27",dnd s+ch,кудрявцев михаил
MusicUp_2020-10-03,dnd beginner 0,екатерина николаева
MusicUp_2020-10-03,dnd beginner 0,катунин павел
MusicUp_2020-10-03,dnd beginner 0,кудрявцев михаил
MusicUp_2020-10-03,dnd beginner 0,дубровин игорь
MusicUp_2020-10-03,dnd beginner 0,вероника лебедева
MusicUp_2020-10-03,dnd beginner 0,екатерина николаева
MusicUp_2020-10-03,dnd beginner 0,катунин павел
MusicUp_2020-10-03,dnd beginner 0,кудрявцев михаил
MusicUp_2020-10-03,dnd beginner 0,дубровин игорь
MusicUp_2020-10-03,dnd beginner 0,вероника лебедева
MusicUp_2020-10-03,dnd beginner,екатерина николаева
MusicUp_2020-10-03,dnd beginner,катунин павел
MusicUp_2020-10-03,dnd beginner,кудрявцев михаил
MusicUp_2020-10-03,dnd beginner,дубровин игорь
MusicUp_2020-10-03,dnd beginner,вероника лебедева
MusicUp_2020-10-03,dnd beginner,екатерина николаева
MusicUp_2020-10-03,dnd beginner,катунин павел
MusicUp_2020-10-03,dnd beginner,кудрявцев михаил
MusicUp_2020-10-03,dnd beginner,дубровин игорь
MusicUp_2020-10-03,dnd beginner,вероника лебедева
MusicUp_2020-10-03,dnd risingstar 0+1,екатерина николаева
MusicUp_2020-10-03,dnd risingstar 0+1,катунин павел
MusicUp_2020-10-03,dnd risingstar 0+1,кудрявцев михаил
MusicUp_2020-10-03,dnd risingstar 0+1,дубровин игорь
MusicUp_2020-10-03,dnd risingstar 0+1,вероника лебедева
MusicUp_2020-10-03,dnd risingstar 0+1,екатерина николаева
MusicUp_2020-10-03,dnd risingstar 0+1,катунин павел
MusicUp_2020-10-03,dnd risingstar 0+1,кудрявцев михаил
MusicUp_2020-10-03,dnd risingstar 0+1,дубровин игорь
MusicUp_2020-10-03,dnd risingstar 0+1,вероника лебедева
MusicUp_2020-10-03,dnd risingstar,екатерина николаева
MusicUp_2020-10-03,dnd risingstar,катунин павел
MusicUp_2020-10-03,dnd risingstar,кудрявцев михаил
MusicUp_2020-10-03,dnd risingstar,дубровин игорь
MusicUp_2020-10-03,dnd risingstar,вероника лебедева
MusicUp_2020-10-03,dnd risingstar,екатерина николаева
MusicUp_2020-10-03,dnd risingstar,катунин павел
MusicUp_2020-10-03,dnd risingstar,кудрявцев михаил
MusicUp_2020-10-03,dnd risingstar,дубровин игорь
MusicUp_2020-10-03,dnd risingstar,вероника лебедева
MusicUp_2020-10-03,dnd main 0,екатерина николаева
MusicUp_2020-10-03,dnd main 0,катунин павел
MusicUp_2020-10-03,dnd main 0,кудрявцев михаил
MusicUp_2020-10-03,dnd main 0,дубровин игорь
MusicUp_2020-10-03,dnd main 0,вероника лебедева
MusicUp_2020-10-03,dnd main 0,екатерина николаева
MusicUp_2020-10-03,dnd main 0,катунин павел
MusicUp_2020-10-03,dnd main 0,кудрявцев михаил
MusicUp_2020-10-03,dnd main 0,дубровин игорь
MusicUp_2020-10-03,dnd main 0,вероника лебедева
MusicUp_2020-10-03,dnd jnj absolute,екатерина николаева
MusicUp_2020-10-03,dnd jnj absolute,катунин павел
MusicUp_2020-10-03,dnd jnj absolute,кудрявцев михаил
MusicUp_2020-10-03,dnd jnj absolute,дубровин игорь
MusicUp_2020-10-03,dnd jnj absolute,дутчак татьяна
MusicUp_2020-10-03,dnd jnj absolute,екатерина николаева
MusicUp_2020-10-03,dnd jnj absolute,катунин павел
MusicUp_2020-10-03,dnd jnj absolute,кудрявцев михаил
MusicUp_2020-10-03,dnd jnj absolute,дубровин игорь
MusicUp_2020-10-03,dnd jnj absolute,дутчак татьяна
MusicUp_2020-10-03,dnd main,екатерина николаева
MusicUp_2020-10-03,dnd main,катунин павел
MusicUp_2020-10-03,dnd main,кудрявцев михаил
MusicUp_2020-10-03,dnd main,дубровин игорь
MusicUp_2020-10-03,dnd main,дутчак татьяна
MusicUp_2020-10-03,dnd main,екатерина николаева
MusicUp_2020-10-03,dnd main,катунин павел
MusicUp_2020-10-03,dnd main,кудрявцев михаил
MusicUp_2020-10-03,dnd main,дубровин игорь
MusicUp_2020-10-03,dnd main,дутчак татьяна
MusicUp_2020-10-03,dnd star 0,екатерина николаева
MusicUp_2020-10-03,dnd star 0,катунин павел
MusicUp_2020-10-03,dnd star 0,кудрявцев михаил
MusicUp_2020-10-03,dnd star 0,дубровин игорь
MusicUp_2020-10-03,dnd star 0,дутчак татьяна
MusicUp_2020-10-03,dnd star 0,екатерина николаева
MusicUp_2020-10-03,dnd star 0,катунин павел
MusicUp_2020-10-03,dnd star 0,кудрявцев михаил
MusicUp_2020-10-03,dnd star 0,дубровин игорь
MusicUp_2020-10-03,dnd star 0,дутчак татьяна
MusicUp_2020-10-03,dnd s+ch,екатерина николаева
MusicUp_2020-10-03,dnd s+ch,катунин павел
MusicUp_2020-10-03,dnd s+ch,кудрявцев михаил
MusicUp_2020-10-03,dnd s+ch,дубровин игорь
MusicUp_2020-10-03,dnd s+ch,дутчак татьяна
MusicUp_2020-10-03,dnd s+ch,екатерина николаева
MusicUp_2020-10-03,dnd s+ch,катунин павел
MusicUp_2020-10-03,dnd s+ch,кудрявцев михаил
MusicUp_2020-10-03,dnd s+ch,дубровин игорь
MusicUp_2020-10-03,dnd s+ch,дутчак татьяна
Чемпионат Екатеринбурга 2020_2020-10-03,dnd beginner 0+1,александр милованов
Чемпионат Екатеринбурга 2020_2020-10-03,dnd beginner 0+1,анастасия лукьянова
Чемпионат Екатеринбурга 2020_2020-10-03,dnd beginner 0+1,роман самохвалов
Чемпионат Екатеринбурга 2020_2020-10-03,dnd beginner 0+1,алексей карпунин
Чемпионат Екатеринбурга 2020_2020-10-03,dnd beginner 0+1,елена цветкова
Чемпионат Екатеринбурга 2020_2020-10-03,dnd beginner 0+1,александр милованов
Чемпионат Екатеринбурга 2020_2020-10-03,dnd beginner 0+1,анастасия лукьянова
Чемпионат Екатеринбурга 2020_2020-10-03,dnd beginner 0+1,роман самохвалов
Чемпионат Екатеринбурга 2020_2020-10-03,dnd beginner 0+1,алексей карпунин
Чемпионат Екатеринбурга 2020_2020-10-03,dnd beginner 0+1,елена цветкова
Чемпионат Екатеринбурга 2020_2020-10-03,dnd beginner,александр милованов
Чемпионат Екатеринбурга 2020_2020-10-03,dnd beginner,анастасия лукьянова
Чемпионат Екатеринбурга 2020_2020-10-03,dnd beginner,роман самохвалов
Чемпионат Екатеринбурга 2020_2020-10-03,dnd beginner,алексей карпунин
Чемпионат Екатеринбурга 2020_2020-10-03,dnd beginner,елена цветкова
Чемпионат Екатеринбурга 2020_2020-10-03,dnd beginner,александр милованов
Чемпионат Екатеринбурга 2020_2020-10-03,dnd beginner,анастасия лукьянова
Чемпионат Екатеринбурга 2020_2020-10-03,dnd beginner,роман самохвалов
Чемпионат Екатеринбурга 2020_2020-10-03,dnd beginner,алексей карпунин
Чемпионат Екатеринбурга 2020_2020-10-03,dnd beginner,елена цветкова
Чемпионат Екатеринбурга 2020_2020-10-03,dnd risingstar,александр милованов
Чемпионат Екатеринбурга 2020_2020-10-03,dnd risingstar,анастасия лукьянова
Чемпионат Екатеринбурга 2020_2020-10-03,dnd risingstar,роман самохвалов
Чемпионат Екатеринбурга 2020_2020-10-03,dnd risingstar,алексей карпунин
Чемпионат Екатеринбурга 2020_2020-10-03,dnd risingstar,елена цветкова
Чемпионат Екатеринбурга 2020_2020-10-03,dnd risingstar,александр милованов
Чемпионат Екатеринбурга 2020_2020-10-03,dnd risingstar,анастасия лукьянова
Чемпионат Екатеринбурга 2020_2020-10-03,dnd risingstar,роман самохвалов
Чемпионат Екатеринбурга 2020_2020-10-03,dnd risingstar,алексей карпунин
Чемпионат Екатеринбурга 2020_2020-10-03,dnd risingstar,елена цветкова
Чемпионат Екатеринбурга 2020_2020-10-03,dnd m+s,александр милованов
Чемпионат Екатеринбурга 2020_2020-10-03,dnd m+s,анастасия лукьянова
Чемпионат Екатеринбурга 2020_2020-10-03,dnd m+s,роман самохвалов
Чемпионат Екатеринбурга 2020_2020-10-03,dnd m+s,алексей карпунин
Чемпионат Екатеринбурга 2020_2020-10-03,dnd m+s,елена цветкова
Чемпионат Екатеринбурга 2020_2020-10-03,dnd m+s,александр милованов
Чемпионат Екатеринбурга 2020_2020-10-03,dnd m+s,анастасия лукьянова
Чемпионат Екатеринбурга 2020_2020-10-03,dnd m+s,роман самохвалов
Чемпионат Екатеринбурга 2020_2020-10-03,dnd m+s,алексей карпунин
Чемпионат Екатеринбурга 2020_2020-10-03,dnd m+s,елена цветкова
H&D Cup_2020-10-16,dnd днд pro-am beginner,виталий ермаков
H&D Cup_2020-10-16,dnd днд pro-am beginner,лебедев сергей
H&D Cup_2020-10-16,dnd днд pro-am beginner,арутюнян евгений
H&D Cup_2020-10-16,dnd днд pro-am beginner,катунин павел
H&D Cup_2020-10-16,dnd днд pro-am beginner,александр иентш
H&D Cup_2020-10-16,dnd днд pro-am rs,виталий ермаков
H&D Cup_2020-10-16,dnd днд pro-am rs,лебедев сергей
H&D Cup_2020-10-16,dnd днд pro-am rs,арутюнян евгений
H&D Cup_2020-10-16,dnd днд pro-am rs,катунин павел
H&D Cup_2020-10-16,dnd днд pro-am rs,александр иентш
H&D Cup_2020-10-16,dnd днд pro-am main,виталий ермаков
H&D Cup_2020-10-16,dnd днд pro-am main,лебедев сергей
H&D Cup_2020-10-16,dnd днд pro-am main,арутюнян евгений
H&D Cup_2020-10-16,dnd днд pro-am main,катунин павел
H&D Cup_2020-10-16,dnd днд pro-am main,александр иентш
H&D Cup_2020-10-16,dnd днд pro-am beginner,екатерина николаева
H&D Cup_2020-10-16,dnd днд pro-am beginner,степочкина яна
H&D Cup_2020-10-16,dnd днд pro-am beginner,азиатцева ольга
H&D Cup_2020-10-16,dnd днд pro-am beginner,дутчак татьяна
H&D Cup_2020-10-16,dnd днд pro-am beginner,казакова олеся
H&D Cup_2020-10-16,dnd днд pro-am rs,екатерина николаева
H&D Cup_2020-10-16,dnd днд pro-am rs,степочкина яна
H&D Cup_2020-10-16,dnd днд pro-am rs,азиатцева ольга
H&D Cup_2020-10-16,dnd днд pro-am rs,дутчак татьяна
H&D Cup_2020-10-16,dnd днд pro-am rs,казакова олеся
H&D Cup_2020-10-16,dnd днд pro-am main,екатерина николаева
H&D Cup_2020-10-16,dnd днд pro-am main,степочкина яна
H&D Cup_2020-10-16,dnd днд pro-am main,азиатцева ольга
H&D Cup_2020-10-16,dnd днд pro-am main,дутчак татьяна
H&D Cup_2020-10-16,dnd днд pro-am main,казакова олеся
H&D Cup_2020-10-16,dnd beginner 0+1,волконский иван
H&D Cup_2020-10-16,dnd beginner 0+1,лебедев сергей
H&D Cup_2020-10-16,dnd beginner 0+1,екатерина николаева
H&D Cup_2020-10-16,dnd beginner 0+1,катунин павел
H&D Cup_2020-10-16,dnd beginner 0+1,ирина кудрявцева
H&D Cup_2020-10-16,dnd beginner 0+1,волконский иван
H&D Cup_2020-10-16,dnd beginner 0+1,лебедев сергей
H&D Cup_2020-10-16,dnd beginner 0+1,екатерина николаева
H&D Cup_2020-10-16,dnd beginner 0+1,катунин павел
H&D Cup_2020-10-16,dnd beginner 0+1,ирина кудрявцева
H&D Cup_2020-10-16,dnd beginner,волконский иван
H&D Cup_2020-10-16,dnd beginner,лебедев сергей
H&D Cup_2020-10-16,dnd beginner,екатерина николаева
H&D Cup_2020-10-16,dnd beginner,катунин павел
H&D Cup_2020-10-16,dnd beginner,ирина кудрявцева
H&D Cup_2020-10-16,dnd beginner,волконский иван
H&D Cup_2020-10-16,dnd beginner,лебедев сергей
H&D Cup_2020-10-16,dnd beginner,екатерина николаева
H&D Cup_2020-10-16,dnd beginner,катунин павел
H&D Cup_2020-10-16,dnd beginner,ирина кудрявцева
H&D Cup_2020-10-16,dnd risingstar 0+1,волконский иван
H&D Cup_2020-10-16,dnd risingstar 0+1,лебедев сергей
H&D Cup_2020-10-16,dnd risingstar 0+1,екатерина николаева
H&D Cup_2020-10-16,dnd risingstar 0+1,катунин павел
H&D Cup_2020-10-16,dnd risingstar 0+1,ирина пузанова
H&D Cup_2020-10-16,dnd risingstar 0+1,волконский иван
H&D Cup_2020-10-16,dnd risingstar 0+1,лебедев сергей
H&D Cup_2020-10-16,dnd risingstar 0+1,екатерина николаева
H&D Cup_2020-10-16,dnd risingstar 0+1,катунин павел
H&D Cup_2020-10-16,dnd risingstar 0+1,ирина пузанова
H&D Cup_2020-10-16,dnd risingstar,волконский иван
H&D Cup_2020-10-16,dnd risingstar,лебедев сергей
H&D Cup_2020-10-16,dnd risingstar,екатерина николаева
H&D Cup_2020-10-16,dnd risingstar,катунин павел
H&D Cup_2020-10-16,dnd risingstar,ирина пузанова
H&D Cup_2020-10-16,dnd risingstar,волконский иван
H&D Cup_2020-10-16,dnd risingstar,лебедев сергей
H&D Cup_2020-10-16,dnd risingstar,екатерина николаева
H&D Cup_2020-10-16,dnd risingstar,катунин павел
H&D Cup_2020-10-16,dnd risingstar,ирина пузанова
H&D Cup_2020-10-16,dnd main 0+1,волконский иван
H&D Cup_2020-10-16,dnd main 0+1,лебедев сергей
H&D Cup_2020-10-16,dnd main 0+1,екатерина николаева
H&D Cup_2020-10-16,dnd main 0+1,катунин павел
H&D Cup_2020-10-16,dnd main 0+1,ирина пузанова
H&D Cup_2020-10-16,dnd main 0+1,волконский иван
H&D Cup_2020-10-16,dnd main 0+1,лебедев сергей
H&D Cup_2020-10-16,dnd main 0+1,екатерина николаева
H&D Cup_2020-10-16,dnd main 0+1,катунин павел
H&D Cup_2020-10-16,dnd main 0+1,ирина пузанова
H&D Cup_2020-10-16,dnd main,волконский иван
H&D Cup_2020-10-16,dnd main,лебедев сергей
H&D Cup_2020-10-16,dnd main,екатерина николаева
H&D Cup_2020-10-16,dnd main,катунин павел
H&D Cup_2020-10-16,dnd main,ирина пузанова
H&D Cup_2020-10-16,dnd main,волконский иван
H&D Cup_2020-10-16,dnd main,лебедев сергей
H&D Cup_2020-10-16,dnd main,екатерина николаева
H&D Cup_2020-10-16,dnd main,катунин павел
H&D Cup_2020-10-16,dnd main,ирина пузанова
H&D Cup_2020-10-16,dnd s+ch,волконский иван
H&D Cup_2020-10-16,dnd s+ch,лебедев сергей
H&D Cup_2020-10-16,dnd s+ch,екатерина николаева
H&D Cup_2020-10-16,dnd s+ch,катунин павел
H&D Cup_2020-10-16,dnd s+ch,ирина пузанова
H&D Cup_2020-10-16,dnd s+ch,волконский иван
H&D Cup_2020-10-16,dnd s+ch,лебедев сергей
H&D Cup_2020-10-16,dnd s+ch,екатерина николаева
H&D Cup_2020-10-16,dnd s+ch,катунин павел
H&D Cup_2020-10-16,dnd s+ch,ирина пузанова
Открытый турнир для Е+D классов._2020-10-25,dnd beginner 0,мария стрельченко
Открытый турнир для Е+D классов._2020-10-25,dnd beginner 0,алексей северин
Открытый турнир для Е+D классов._2020-10-25,dnd beginner 0,мария стрельченко
Открытый турнир для Е+D классов._2020-10-25,dnd beginner 0,алексей северин
Открытый турнир для Е+D классов._2020-10-25,dnd beginner,мария стрельченко
Открытый турнир для Е+D классов._2020-10-25,dnd beginner,алексей северин
Открытый турнир для Е+D классов._2020-10-25,dnd beginner,мария стрельченко
Открытый турнир для Е+D классов._2020-10-25,dnd beginner,алексей северин
Открытый турнир для Е+D классов._2020-10-25,dnd rising star 0,мария стрельченко
Открытый турнир для Е+D классов._2020-10-25,dnd rising star 0,алексей северин
Открытый турнир для Е+D классов._2020-10-25,dnd rising star 0,мария стрельченко
Открытый турнир для Е+D классов._2020-10-25,dnd rising star 0,алексей северин
Открытый турнир для Е+D классов._2020-10-25,dnd rising star,мария стрельченко
Открытый турнир для Е+D классов._2020-10-25,dnd rising star,алексей северин
Открытый турнир для Е+D классов._2020-10-25,dnd rising star,мария стрельченко
Открытый турнир для Е+D классов._2020-10-25,dnd rising star,алексей северин
"Осенний кубок клуба ""Движение""_2020-10-31",dnd сеньоры 4,кудрявцев михаил
"Осенний кубок клуба ""Движение""_2020-10-31",dnd сеньоры 4,мавлатов юрий
"Осенний кубок клуба ""Движение""_2020-10-31",dnd сеньоры 4,дубровин игорь
"Осенний кубок клуба ""Движение""_2020-10-31",dnd сеньоры 4,александра луценко
"Осенний кубок клуба ""Движение""_2020-10-31",dnd сеньоры 4,анастасия лукьянова
"Осенний кубок клуба ""Движение""_2020-10-31",dnd сеньоры 4,кудрявцев михаил
"Осенний кубок клуба ""Движение""_2020-10-31",dnd сеньоры 4,мавлатов юрий
"Осенний кубок клуба ""Движение""_2020-10-31",dnd сеньоры 4,дубровин игорь
"Осенний кубок клуба ""Движение""_2020-10-31",dnd сеньоры 4,александра луценко
"Осенний кубок клуба ""Движение""_2020-10-31",dnd сеньоры 4,анастасия лукьянова
"Осенний кубок клуба ""Движение""_2020-10-31",dnd beginner 0+1,кудрявцев михаил
"Осенний кубок клуба ""Движение""_2020-10-31",dnd beginner 0+1,мавлатов юрий
"Осенний кубок клуба ""Движение""_2020-10-31",dnd beginner 0+1,дубровин игорь
"Осенний кубок клуба ""Движение""_2020-10-31",dnd beginner 0+1,александра луценко
"Осенний кубок клуба ""Движение""_2020-10-31",dnd beginner 0+1,анастасия лукьянова
"Осенний кубок клуба ""Движение""_2020-10-31",dnd beginner 0+1,кудрявцев михаил
"Осенний кубок клуба ""Движение""_2020-10-31",dnd beginner 0+1,мавлатов юрий
"Осенний кубок клуба ""Движение""_2020-10-31",dnd beginner 0+1,дубровин игорь
"Осенний кубок клуба ""Движение""_2020-10-31",dnd beginner 0+1,александра луценко
"Осенний кубок клуба ""Движение""_2020-10-31",dnd beginner 0+1,анастасия лукьянова
"Осенний кубок клуба ""Движение""_2020-10-31",dnd beginner,кудрявцев михаил
"Осенний кубок клуба ""Движение""_2020-10-31",dnd beginner,мавлатов юрий
"Осенний кубок клуба ""Движение""_2020-10-31",dnd beginner,дубровин игорь
"Осенний кубок клуба ""Движение""_2020-10-31",dnd beginner,александра луценко
"Осенний кубок клуба ""Движение""_2020-10-31",dnd beginner,анастасия лукьянова
"Осенний кубок клуба ""Движение""_2020-10-31",dnd beginner,кудрявцев михаил
"Осенний кубок клуба ""Движение""_2020-10-31",dnd beginner,мавлатов юрий
"Осенний кубок клуба ""Движение""_2020-10-31",dnd beginner,дубровин игорь
"Осенний кубок клуба ""Движение""_2020-10-31",dnd beginner,александра луценко
"Осенний кубок клуба ""Движение""_2020-10-31",dnd beginner,анастасия лукьянова
"Осенний кубок клуба ""Движение""_2020-10-31",dnd risingstar 0+1,кудрявцев михаил
"Осенний кубок клуба ""Движение""_2020-10-31",dnd risingstar 0+1,мавлатов юрий
"Осенний кубок клуба ""Движение""_2020-10-31",dnd risingstar 0+1,дубровин игорь
"Осенний кубок клуба ""Движение""_2020-10-31",dnd risingstar 0+1,александра луценко
"Осенний кубок клуба ""Движение""_2020-10-31",dnd risingstar 0+1,анастасия лукьянова
"Осенний кубок клуба ""Движение""_2020-10-31",dnd risingstar 0+1,кудрявцев михаил
"Осенний кубок клуба ""Движение""_2020-10-31",dnd risingstar 0+1,мавлатов юрий
"Осенний кубок клуба ""Движение""_2020-10-31",dnd risingstar 0+1,дубровин игорь
"Осенний кубок клуба ""Движение""_2020-10-31",dnd risingstar 0+1,александра луценко
"Осенний кубок клуба ""Движение""_2020-10-31",dnd risingstar 0+1,анастасия лукьянова
"Осенний кубок клуба ""Движение""_2020-10-31",dnd risingstar,кудрявцев михаил
"Осенний кубок клуба ""Движение""_2020-10-31",dnd risingstar,мавлатов юрий
"Осенний кубок клуба ""Движение""_2020-10-31",dnd risingstar,дубровин игорь
"Осенний кубок клуба ""Движение""_2020-10-31",dnd risingstar,александра луценко
"Осенний кубок клуба ""Движение""_2020-10-31",dnd risingstar,анастасия лукьянова
"Осенний кубок клуба ""Движение""_2020-10-31",dnd risingstar,кудрявцев михаил
"Осенний кубок клуба ""Движение""_2020-10-31",dnd risingstar,мавлатов юрий
"Осенний кубок клуба ""Движение""_2020-10-31",dnd risingstar,дубровин игорь
"Осенний кубок клуба ""Движение""_2020-10-31",dnd risingstar,александра луценко
"Осенний кубок клуба ""Движение""_2020-10-31",dnd risingstar,анастасия лукьянова
"Осенний кубок клуба ""Движение""_2020-10-31",dnd main 0+1,кудрявцев михаил
"Осенний кубок клуба ""Движение""_2020-10-31",dnd main 0+1,мавлатов юрий
"Осенний кубок клуба ""Движение""_2020-10-31",dnd main 0+1,дубровин игорь
"Осенний кубок клуба ""Движение""_2020-10-31",dnd main 0+1,андрей коньков
"Осенний кубок клуба ""Движение""_2020-10-31",dnd main 0+1,екатерина николаева
"Осенний кубок клуба ""Движение""_2020-10-31",dnd main 0+1,кудрявцев михаил
"Осенний кубок клуба ""Движение""_2020-10-31",dnd main 0+1,мавлатов юрий
"Осенний кубок клуба ""Движение""_2020-10-31",dnd main 0+1,дубровин игорь
"Осенний кубок клуба ""Движение""_2020-10-31",dnd main 0+1,андрей коньков
"Осенний кубок клуба ""Движение""_2020-10-31",dnd main 0+1,екатерина николаева
"Осенний кубок клуба ""Движение""_2020-10-31",dnd main,кудрявцев михаил
"Осенний кубок клуба ""Движение""_2020-10-31",dnd main,мавлатов юрий
"Осенний кубок клуба ""Движение""_2020-10-31",dnd main,дубровин игорь
"Осенний кубок клуба ""Движение""_2020-10-31",dnd main,андрей коньков
"Осенний кубок клуба ""Движение""_2020-10-31",dnd main,екатерина николаева
"Осенний кубок клуба ""Движение""_2020-10-31",dnd main,кудрявцев михаил
"Осенний кубок клуба ""Движение""_2020-10-31",dnd main,мавлатов юрий
"Осенний кубок клуба ""Движение""_2020-10-31",dnd main,дубровин игорь
"Осенний кубок клуба ""Движение""_2020-10-31",dnd main,андрей коньков
"Осенний кубок клуба ""Движение""_2020-10-31",dnd main,екатерина николаева
"Осенний кубок клуба ""Движение""_2020-10-31",dnd star 0+4,кудрявцев михаил
"Осенний кубок клуба ""Движение""_2020-10-31",dnd star 0+4,мавлатов юрий
"Осенний кубок клуба ""Движение""_2020-10-31",dnd star 0+4,дубровин игорь
"Осенний кубок клуба ""Движение""_2020-10-31",dnd star 0+4,андрей коньков
"Осенний кубок клуба ""Движение""_2020-10-31",dnd star 0+4,екатерина николаева
"Осенний кубок клуба ""Движение""_2020-10-31",dnd star 0+4,кудрявцев михаил
"Осенний кубок клуба ""Движение""_2020-10-31",dnd star 0+4,мавлатов юрий
"Осенний кубок клуба ""Движение""_2020-10-31",dnd star 0+4,дубровин игорь
"Осенний кубок клуба ""Движение""_2020-10-31",dnd star 0+4,андрей коньков
"Осенний кубок клуба ""Движение""_2020-10-31",dnd star 0+4,екатерина николаева
"Осенний кубок клуба ""Движение""_2020-10-31",dnd s+ch,кудрявцев михаил
"Осенний кубок клуба ""Движение""_2020-10-31",dnd s+ch,мавлатов юрий
"Осенний кубок клуба ""Движение""_2020-10-31",dnd s+ch,дубровин игорь
"Осенний кубок клуба ""Движение""_2020-10-31",dnd s+ch,андрей коньков
"Осенний кубок клуба ""Движение""_2020-10-31",dnd s+ch,екатерина николаева
"Осенний кубок клуба ""Движение""_2020-10-31",dnd s+ch,кудрявцев михаил
"Осенний кубок клуба ""Движение""_2020-10-31",dnd s+ch,мавлатов юрий
"Осенний кубок клуба ""Движение""_2020-10-31",dnd s+ch,дубровин игорь
"Осенний кубок клуба ""Движение""_2020-10-31",dnd s+ch,андрей коньков
"Осенний кубок клуба ""Движение""_2020-10-31",dnd s+ch,екатерина николаева
Чемпионат Казани_2020-11-07,dnd beginner 0+1,екатерина николаева
Чемпионат Казани_2020-11-07,dnd beginner 0+1,вероника лебедева
Чемпионат Казани_2020-11-07,dnd beginner 0+1,александр макарчук
Чемпионат Казани_2020-11-07,dnd beginner 0+1,елена цветкова
Чемпионат Казани_2020-11-07,dnd beginner 0+1,арутюнян евгений
Чемпионат Казани_2020-11-07,dnd beginner 0+1,екатерина николаева
Чемпионат Казани_2020-11-07,dnd beginner 0+1,вероника лебедева
Чемпионат Казани_2020-11-07,dnd beginner 0+1,александр макарчук
Чемпионат Казани_2020-11-07,dnd beginner 0+1,елена цветкова
Чемпионат Казани_2020-11-07,dnd beginner 0+1,арутюнян евгений
Чемпионат Казани_2020-11-07,dnd beginner,екатерина николаева
Чемпионат Казани_2020-11-07,dnd beginner,вероника лебедева
Чемпионат Казани_2020-11-07,dnd beginner,александр макарчук
Чемпионат Казани_2020-11-07,dnd beginner,елена цветкова
Чемпионат Казани_2020-11-07,dnd beginner,арутюнян евгений
Чемпионат Казани_2020-11-07,dnd beginner,екатерина николаева
Чемпионат Казани_2020-11-07,dnd beginner,вероника лебедева
Чемпионат Казани_2020-11-07,dnd beginner,александр макарчук
Чемпионат Казани_2020-11-07,dnd beginner,елена цветкова
Чемпионат Казани_2020-11-07,dnd beginner,арутюнян евгений
Чемпионат Казани_2020-11-07,dnd risingstar,екатерина николаева
Чемпионат Казани_2020-11-07,dnd risingstar,вероника лебедева
Чемпионат Казани_2020-11-07,dnd risingstar,александр макарчук
Чемпионат Казани_2020-11-07,dnd risingstar,елена цветкова
Чемпионат Казани_2020-11-07,dnd risingstar,арутюнян евгений
Чемпионат Казани_2020-11-07,dnd risingstar,екатерина николаева
Чемпионат Казани_2020-11-07,dnd risingstar,вероника лебедева
Чемпионат Казани_2020-11-07,dnd risingstar,александр макарчук
Чемпионат Казани_2020-11-07,dnd risingstar,елена цветкова
Чемпионат Казани_2020-11-07,dnd risingstar,арутюнян евгений
Чемпионат Казани_2020-11-07,dnd main,екатерина николаева
Чемпионат Казани_2020-11-07,dnd main,вероника лебедева
Чемпионат Казани_2020-11-07,dnd main,александр макарчук
Чемпионат Казани_2020-11-07,dnd main,елена цветкова
Чемпионат Казани_2020-11-07,dnd main,арутюнян евгений
Чемпионат Казани_2020-11-07,dnd main,екатерина николаева
Чемпионат Казани_2020-11-07,dnd main,вероника лебедева
Чемпионат Казани_2020-11-07,dnd main,александр макарчук
Чемпионат Казани_2020-11-07,dnd main,елена цветкова
Чемпионат Казани_2020-11-07,dnd main,арутюнян евгений
Чемпионат Казани_2020-11-07,dnd jnj абсолют,екатерина николаева
Чемпионат Казани_2020-11-07,dnd jnj абсолют,вероника лебедева
Чемпионат Казани_2020-11-07,dnd jnj абсолют,александр макарчук
Чемпионат Казани_2020-11-07,dnd jnj абсолют,елена цветкова
Чемпионат Казани_2020-11-07,dnd jnj абсолют,арутюнян евгений
Чемпионат Казани_2020-11-07,dnd jnj абсолют,екатерина николаева
Чемпионат Казани_2020-11-07,dnd jnj абсолют,вероника лебедева
Чемпионат Казани_2020-11-07,dnd jnj абсолют,александр макарчук
Чемпионат Казани_2020-11-07,dnd jnj абсолют,елена цветкова
Чемпионат Казани_2020-11-07,dnd jnj абсолют,арутюнян евгений
SNEG-i-RHYTHM_2020-12-06,dnd beginner 0,алексей карпунин
SNEG-i-RHYTHM_2020-12-06,dnd beginner 0,елена цветкова
SNEG-i-RHYTHM_2020-12-06,dnd beginner 0,алексей евдокимов
SNEG-i-RHYTHM_2020-12-06,dnd beginner 0,гиря дмитрий
SNEG-i-RHYTHM_2020-12-06,dnd beginner 0,александр резчиков
SNEG-i-RHYTHM_2020-12-06,dnd beginner 0,алексей карпунин
SNEG-i-RHYTHM_2020-12-06,dnd beginner 0,елена цветкова
SNEG-i-RHYTHM_2020-12-06,dnd beginner 0,алексей евдокимов
SNEG-i-RHYTHM_2020-12-06,dnd beginner 0,гиря дмитрий
SNEG-i-RHYTHM_2020-12-06,dnd beginner 0,александр резчиков
SNEG-i-RHYTHM_2020-12-06,dnd risingstar 0,алексей карпунин
SNEG-i-RHYTHM_2020-12-06,dnd risingstar 0,елена цветкова
SNEG-i-RHYTHM_2020-12-06,dnd risingstar 0,алексей евдокимов
SNEG-i-RHYTHM_2020-12-06,dnd risingstar 0,гиря дмитрий
SNEG-i-RHYTHM_2020-12-06,dnd risingstar 0,александр резчиков
SNEG-i-RHYTHM_2020-12-06,dnd risingstar 0,алексей карпунин
SNEG-i-RHYTHM_2020-12-06,dnd risingstar 0,елена цветкова
SNEG-i-RHYTHM_2020-12-06,dnd risingstar 0,алексей евдокимов
SNEG-i-RHYTHM_2020-12-06,dnd risingstar 0,гиря дмитрий
SNEG-i-RHYTHM_2020-12-06,dnd risingstar 0,александр резчиков
SNEG-i-RHYTHM_2020-12-06,dnd beginner,алексей карпунин
SNEG-i-RHYTHM_2020-12-06,dnd beginner,елена цветкова
SNEG-i-RHYTHM_2020-12-06,dnd beginner,алексей евдокимов
SNEG-i-RHYTHM_2020-12-06,dnd beginner,гиря дмитрий
SNEG-i-RHYTHM_2020-12-06,dnd beginner,александр резчиков
SNEG-i-RHYTHM_2020-12-06,dnd beginner,алексей карпунин
SNEG-i-RHYTHM_2020-12-06,dnd beginner,елена цветкова
SNEG-i-RHYTHM_2020-12-06,dnd beginner,алексей евдокимов
SNEG-i-RHYTHM_2020-12-06,dnd beginner,гиря дмитрий
SNEG-i-RHYTHM_2020-12-06,dnd beginner,александр резчиков
SNEG-i-RHYTHM_2020-12-06,dnd risingstar,алексей карпунин
SNEG-i-RHYTHM_2020-12-06,dnd risingstar,елена цветкова
SNEG-i-RHYTHM_2020-12-06,dnd risingstar,алексей евдокимов
SNEG-i-RHYTHM_2020-12-06,dnd risingstar,гиря дмитрий
SNEG-i-RHYTHM_2020-12-06,dnd risingstar,александр резчиков
SNEG-i-RHYTHM_2020-12-06,dnd risingstar,алексей карпунин
SNEG-i-RHYTHM_2020-12-06,dnd risingstar,елена цветкова
SNEG-i-RHYTHM_2020-12-06,dnd risingstar,алексей евдокимов
SNEG-i-RHYTHM_2020-12-06,dnd risingstar,гиря дмитрий
SNEG-i-RHYTHM_2020-12-06,dnd risingstar,александр резчиков
ЭТО НЕ ЧР 2020_2020-12-12,jnj beginner 0+1,мавлатов юрий
ЭТО НЕ ЧР 2020_2020-12-12,jnj beginner 0+1,кудрявцев михаил
ЭТО НЕ ЧР 2020_2020-12-12,jnj beginner 0+1,лебедев сергей
ЭТО НЕ ЧР 2020_2020-12-12,jnj beginner 0+1,катунин павел
ЭТО НЕ ЧР 2020_2020-12-12,jnj beginner 0+1,арутюнян евгений
ЭТО НЕ ЧР 2020_2020-12-12,jnj beginner 0+1,мавлатов юрий
ЭТО НЕ ЧР 2020_2020-12-12,jnj beginner 0+1,кудрявцев михаил
ЭТО НЕ ЧР 2020_2020-12-12,jnj beginner 0+1,лебедев сергей
ЭТО НЕ ЧР 2020_2020-12-12,jnj beginner 0+1,катунин павел
ЭТО НЕ ЧР 2020_2020-12-12,jnj beginner 0+1,арутюнян евгений
ЭТО НЕ ЧР 2020_2020-12-12,jnj beginner,мавлатов юрий
ЭТО НЕ ЧР 2020_2020-12-12,jnj beginner,кудрявцев михаил
ЭТО НЕ ЧР 2020_2020-12-12,jnj beginner,лебедев сергей
ЭТО НЕ ЧР 2020_2020-12-12,jnj beginner,катунин павел
ЭТО НЕ ЧР 2020_2020-12-12,jnj beginner,арутюнян евгений
ЭТО НЕ ЧР 2020_2020-12-12,jnj beginner,мавлатов юрий
ЭТО НЕ ЧР 2020_2020-12-12,jnj beginner,кудрявцев михаил
ЭТО НЕ ЧР 2020_2020-12-12,jnj beginner,лебедев сергей
ЭТО НЕ ЧР 2020_2020-12-12,jnj beginner,катунин павел
ЭТО НЕ ЧР 2020_2020-12-12,jnj beginner,арутюнян евгений
ЭТО НЕ ЧР 2020_2020-12-12,jnj risingstar 0+1,мавлатов юрий
ЭТО НЕ ЧР 2020_2020-12-12,jnj risingstar 0+1,кудрявцев михаил
ЭТО НЕ ЧР 2020_2020-12-12,jnj risingstar 0+1,лебедев сергей
ЭТО НЕ ЧР 2020_2020-12-12,jnj risingstar 0+1,катунин павел
ЭТО НЕ ЧР 2020_2020-12-12,jnj risingstar 0+1,екатерина николаева
ЭТО НЕ ЧР 2020_2020-12-12,jnj risingstar 0+1,мавлатов юрий
ЭТО НЕ ЧР 2020_2020-12-12,jnj risingstar 0+1,кудрявцев михаил
ЭТО НЕ ЧР 2020_2020-12-12,jnj risingstar 0+1,лебедев сергей
ЭТО НЕ ЧР 2020_2020-12-12,jnj risingstar 0+1,катунин павел
ЭТО НЕ ЧР 2020_2020-12-12,jnj risingstar 0+1,екатерина николаева
ЭТО НЕ ЧР 2020_2020-12-12,jnj risingstar,мавлатов юрий
ЭТО НЕ ЧР 2020_2020-12-12,jnj risingstar,кудрявцев михаил
ЭТО НЕ ЧР 2020_2020-12-12,jnj risingstar,лебедев сергей
ЭТО НЕ ЧР 2020_2020-12-12,jnj risingstar,катунин павел
ЭТО НЕ ЧР 2020_2020-12-12,jnj risingstar,екатерина николаева
ЭТО НЕ ЧР 2020_2020-12-12,jnj risingstar,мавлатов юрий
ЭТО НЕ ЧР 2020_2020-12-12,jnj risingstar,кудрявцев михаил
ЭТО НЕ ЧР 2020_2020-12-12,jnj risingstar,лебедев сергей
ЭТО НЕ ЧР 2020_2020-12-12,jnj risingstar,катунин павел
ЭТО НЕ ЧР 2020_2020-12-12,jnj risingstar,екатерина николаева
ЭТО НЕ ЧР 2020_2020-12-12,jnj main 0+1,мавлатов юрий
ЭТО НЕ ЧР 2020_2020-12-12,jnj main 0+1,кудрявцев михаил
ЭТО НЕ ЧР 2020_2020-12-12,jnj main 0+1,лебедев сергей
ЭТО НЕ ЧР 2020_2020-12-12,jnj main 0+1,волконский иван
ЭТО НЕ ЧР 2020_2020-12-12,jnj main 0+1,екатерина николаева
ЭТО НЕ ЧР 2020_2020-12-12,jnj main 0+1,мавлатов юрий
ЭТО НЕ ЧР 2020_2020-12-12,jnj main 0+1,кудрявцев михаил
ЭТО НЕ ЧР 2020_2020-12-12,jnj main 0+1,лебедев сергей
ЭТО НЕ ЧР 2020_2020-12-12,jnj main 0+1,волконский иван
ЭТО НЕ ЧР 2020_2020-12-12,jnj main 0+1,екатерина николаева
ЭТО НЕ ЧР 2020_2020-12-12,jnj main,мавлатов юрий
ЭТО НЕ ЧР 2020_2020-12-12,jnj main,ирина кудрявцева
ЭТО НЕ ЧР 2020_2020-12-12,jnj main,лебедев сергей
ЭТО НЕ ЧР 2020_2020-12-12,jnj main,волконский иван
ЭТО НЕ ЧР 2020_2020-12-12,jnj main,екатерина николаева
ЭТО НЕ ЧР 2020_2020-12-12,jnj main,мавлатов юрий
ЭТО НЕ ЧР 2020_2020-12-12,jnj main,ирина кудрявцева
ЭТО НЕ ЧР 2020_2020-12-12,jnj main,лебедев сергей
ЭТО НЕ ЧР 2020_2020-12-12,jnj main,волконский иван
ЭТО НЕ ЧР 2020_2020-12-12,jnj main,екатерина николаева
ЭТО НЕ ЧР 2020_2020-12-12,jnj star,мавлатов юрий
ЭТО НЕ ЧР 2020_2020-12-12,jnj star,ирина кудрявцева
ЭТО НЕ ЧР 2020_2020-12-12,jnj star,лебедев сергей
ЭТО НЕ ЧР 2020_2020-12-12,jnj star,волконский иван
ЭТО НЕ ЧР 2020_2020-12-12,jnj star,екатерина николаева
ЭТО НЕ ЧР 2020_2020-12-12,jnj star,мавлатов юрий
ЭТО НЕ ЧР 2020_2020-12-12,jnj star,ирина кудрявцева
ЭТО НЕ ЧР 2020_2020-12-12,jnj star,лебедев сергей
ЭТО НЕ ЧР 2020_2020-12-12,jnj star,волконский иван
ЭТО НЕ ЧР 2020_2020-12-12,jnj star,екатерина николаева
ЭТО НЕ ЧР 2020_2020-12-12,jnj champion,мавлатов юрий
ЭТО НЕ ЧР 2020_2020-12-12,jnj champion,ирина кудрявцева
ЭТО НЕ ЧР 2020_2020-12-12,jnj champion,лебедев сергей
ЭТО НЕ ЧР 2020_2020-12-12,jnj champion,волконский иван
ЭТО НЕ ЧР 2020_2020-12-12,jnj champion,екатерина николаева
ЭТО НЕ ЧР 2020_2020-12-12,jnj champion,мавлатов юрий
ЭТО НЕ ЧР 2020_2020-12-12,jnj champion,ирина кудрявцева
ЭТО НЕ ЧР 2020_2020-12-12,jnj champion,лебедев сергей
ЭТО НЕ ЧР 2020_2020-12-12,jnj champion,волконский иван
ЭТО НЕ ЧР 2020_2020-12-12,jnj champion,екатерина николаева
