NORD CUP 2020_2020-03-13,dnd beginner,кудрявцева ирина
NORD CUP 2020_2020-03-13,dnd beginner,кудрявцев михаил
NORD CUP 2020_2020-03-13,dnd beginner,лебедев сергей
NORD CUP 2020_2020-03-13,dnd beginner,милованов александр
NORD CUP 2020_2020-03-13,dnd beginner,кудрявцева ирина
NORD CUP 2020_2020-03-13,dnd beginner,кудрявцев михаил
NORD CUP 2020_2020-03-13,dnd beginner,лебедев сергей
NORD CUP 2020_2020-03-13,dnd beginner,милованов александр
NORD CUP 2020_2020-03-13,dnd risingstar,николаева екатерина
NORD CUP 2020_2020-03-13,dnd risingstar,кудрявцева ирина
NORD CUP 2020_2020-03-13,dnd risingstar,кудрявцев михаил
NORD CUP 2020_2020-03-13,dnd risingstar,милованов александр
NORD CUP 2020_2020-03-13,dnd risingstar,николаева екатерина
NORD CUP 2020_2020-03-13,dnd risingstar,кудрявцева ирина
NORD CUP 2020_2020-03-13,dnd risingstar,кудрявцев михаил
NORD CUP 2020_2020-03-13,dnd risingstar,милованов александр
NORD CUP 2020_2020-03-13,dnd main,арутюнян евгений
NORD CUP 2020_2020-03-13,dnd main,кудрявцева ирина
NORD CUP 2020_2020-03-13,dnd main,лебедев сергей
NORD CUP 2020_2020-03-13,dnd main,милованов александр
NORD CUP 2020_2020-03-13,dnd main,арутюнян евгений
NORD CUP 2020_2020-03-13,dnd main,кудрявцева ирина
NORD CUP 2020_2020-03-13,dnd main,лебедев сергей
NORD CUP 2020_2020-03-13,dnd main,милованов александр
NORD CUP 2020_2020-03-13,dnd star+ch,николаева екатерина
NORD CUP 2020_2020-03-13,dnd star+ch,кудрявцев михаил
NORD CUP 2020_2020-03-13,dnd star+ch,лебедев сергей
NORD CUP 2020_2020-03-13,dnd star+ch,милованов александр
NORD CUP 2020_2020-03-13,dnd star+ch,николаева екатерина
NORD CUP 2020_2020-03-13,dnd star+ch,кудрявцев михаил
NORD CUP 2020_2020-03-13,dnd star+ch,лебедев сергей
NORD CUP 2020_2020-03-13,dnd star+ch,милованов александр
Rock'n'Dance CUP 2020_2020-03-22,dnd beginner 0,болотина анна
Rock'n'Dance CUP 2020_2020-03-22,dnd beginner 0,могучих иван
Rock'n'Dance CUP 2020_2020-03-22,dnd beginner 0,болотина анна
Rock'n'Dance CUP 2020_2020-03-22,dnd beginner 0,могучих иван
Rock'n'Dance CUP 2020_2020-03-22,dnd beginner,болотина анна
Rock'n'Dance CUP 2020_2020-03-22,dnd beginner,могучих иван
Rock'n'Dance CUP 2020_2020-03-22,dnd beginner,болотина анна
Rock'n'Dance CUP 2020_2020-03-22,dnd beginner,могучих иван
Rock'n'Dance CUP 2020_2020-03-22,dnd risingstar 0,болотина анна
Rock'n'Dance CUP 2020_2020-03-22,dnd risingstar 0,могучих иван
Rock'n'Dance CUP 2020_2020-03-22,dnd risingstar 0,болотина анна
Rock'n'Dance CUP 2020_2020-03-22,dnd risingstar 0,могучих иван
Rock'n'Dance CUP 2020_2020-03-22,dnd risingstar,болотина анна
Rock'n'Dance CUP 2020_2020-03-22,dnd risingstar,могучих иван
Rock'n'Dance CUP 2020_2020-03-22,dnd risingstar,болотина анна
Rock'n'Dance CUP 2020_2020-03-22,dnd risingstar,могучих иван
Rock'n'Dance CUP 2020_2020-03-22,dnd main+star,болотина анна
Rock'n'Dance CUP 2020_2020-03-22,dnd main+star,могучих иван
Rock'n'Dance CUP 2020_2020-03-22,dnd main+star,болотина анна
Rock'n'Dance CUP 2020_2020-03-22,dnd main+star,могучих иван
Free your mind_2020-07-04,dnd beginner (нерейтинг),катунин павел
Free your mind_2020-07-04,dnd beginner (нерейтинг),николаева екатерина
Free your mind_2020-07-04,dnd beginner (нерейтинг),коньков андрей
Free your mind_2020-07-04,dnd beginner (нерейтинг),самохвалов роман
Free your mind_2020-07-04,dnd beginner (нерейтинг),дутчак татьяна
Free your mind_2020-07-04,dnd beginner (нерейтинг),катунин павел
Free your mind_2020-07-04,dnd beginner (нерейтинг),николаева екатерина
Free your mind_2020-07-04,dnd beginner (нерейтинг),коньков андрей
Free your mind_2020-07-04,dnd beginner (нерейтинг),самохвалов роман
Free your mind_2020-07-04,dnd beginner (нерейтинг),дутчак татьяна
Free your mind_2020-07-04,dnd beginner,катунин павел
Free your mind_2020-07-04,dnd beginner,николаева екатерина
Free your mind_2020-07-04,dnd beginner,коньков андрей
Free your mind_2020-07-04,dnd beginner,самохвалов роман
Free your mind_2020-07-04,dnd beginner,дутчак татьяна
Free your mind_2020-07-04,dnd beginner,катунин павел
Free your mind_2020-07-04,dnd beginner,николаева екатерина
Free your mind_2020-07-04,dnd beginner,коньков андрей
Free your mind_2020-07-04,dnd beginner,самохвалов роман
Free your mind_2020-07-04,dnd beginner,дутчак татьяна
Free your mind_2020-07-04,dnd risingstar 0,катунин павел
Free your mind_2020-07-04,dnd risingstar 0,николаева екатерина
Free your mind_2020-07-04,dnd risingstar 0,коньков андрей
Free your mind_2020-07-04,dnd risingstar 0,самохвалов роман
Free your mind_2020-07-04,dnd risingstar 0,дутчак татьяна
Free your mind_2020-07-04,dnd risingstar 0,катунин павел
Free your mind_2020-07-04,dnd risingstar 0,николаева екатерина
Free your mind_2020-07-04,dnd risingstar 0,коньков андрей
Free your mind_2020-07-04,dnd risingstar 0,самохвалов роман
Free your mind_2020-07-04,dnd risingstar 0,дутчак татьяна
Free your mind_2020-07-04,dnd risingstar (нерейтинг),катунин павел
Free your mind_2020-07-04,dnd risingstar (нерейтинг),николаева екатерина
Free your mind_2020-07-04,dnd risingstar (нерейтинг),коньков андрей
Free your mind_2020-07-04,dnd risingstar (нерейтинг),самохвалов роман
Free your mind_2020-07-04,dnd risingstar (нерейтинг),дутчак татьяна
Free your mind_2020-07-04,dnd risingstar (нерейтинг),катунин павел
Free your mind_2020-07-04,dnd risingstar (нерейтинг),николаева екатерина
Free your mind_2020-07-04,dnd risingstar (нерейтинг),коньков андрей
Free your mind_2020-07-04,dnd risingstar (нерейтинг),самохвалов роман
Free your mind_2020-07-04,dnd risingstar (нерейтинг),дутчак татьяна
Free your mind_2020-07-04,dnd risingstar,катунин павел
Free your mind_2020-07-04,dnd risingstar,николаева екатерина
Free your mind_2020-07-04,dnd risingstar,коньков андрей
Free your mind_2020-07-04,dnd risingstar,самохвалов роман
Free your mind_2020-07-04,dnd risingstar,дутчак татьяна
Free your mind_2020-07-04,dnd risingstar,катунин павел
Free your mind_2020-07-04,dnd risingstar,николаева екатерина
Free your mind_2020-07-04,dnd risingstar,коньков андрей
Free your mind_2020-07-04,dnd risingstar,самохвалов роман
Free your mind_2020-07-04,dnd risingstar,дутчак татьяна
Free your mind_2020-07-04,dnd main (нерейтинг),катунин павел
Free your mind_2020-07-04,dnd main (нерейтинг),николаева екатерина
Free your mind_2020-07-04,dnd main (нерейтинг),коньков андрей
Free your mind_2020-07-04,dnd main (нерейтинг),гриненко никита
Free your mind_2020-07-04,dnd main (нерейтинг),дутчак татьяна
Free your mind_2020-07-04,dnd main (нерейтинг),катунин павел
Free your mind_2020-07-04,dnd main (нерейтинг),николаева екатерина
Free your mind_2020-07-04,dnd main (нерейтинг),коньков андрей
Free your mind_2020-07-04,dnd main (нерейтинг),гриненко никита
Free your mind_2020-07-04,dnd main (нерейтинг),дутчак татьяна
Free your mind_2020-07-04,dnd main,катунин павел
Free your mind_2020-07-04,dnd main,николаева екатерина
Free your mind_2020-07-04,dnd main,коньков андрей
Free your mind_2020-07-04,dnd main,гриненко никита
Free your mind_2020-07-04,dnd main,дутчак татьяна
Free your mind_2020-07-04,dnd main,катунин павел
Free your mind_2020-07-04,dnd main,николаева екатерина
Free your mind_2020-07-04,dnd main,коньков андрей
Free your mind_2020-07-04,dnd main,гриненко никита
Free your mind_2020-07-04,dnd main,дутчак татьяна
Free your mind_2020-07-04,dnd star 0,катунин павел
Free your mind_2020-07-04,dnd star 0,николаева екатерина
Free your mind_2020-07-04,dnd star 0,коньков андрей
Free your mind_2020-07-04,dnd star 0,гриненко никита
Free your mind_2020-07-04,dnd star 0,дутчак татьяна
Free your mind_2020-07-04,dnd star 0,катунин павел
Free your mind_2020-07-04,dnd star 0,николаева екатерина
Free your mind_2020-07-04,dnd star 0,коньков андрей
Free your mind_2020-07-04,dnd star 0,гриненко никита
Free your mind_2020-07-04,dnd star 0,дутчак татьяна
Free your mind_2020-07-04,dnd s+ch (нерейтинг),катунин павел
Free your mind_2020-07-04,dnd s+ch (нерейтинг),николаева екатерина
Free your mind_2020-07-04,dnd s+ch (нерейтинг),коньков андрей
Free your mind_2020-07-04,dnd s+ch (нерейтинг),гриненко никита
Free your mind_2020-07-04,dnd s+ch (нерейтинг),дутчак татьяна
Free your mind_2020-07-04,dnd s+ch (нерейтинг),катунин павел
Free your mind_2020-07-04,dnd s+ch (нерейтинг),николаева екатерина
Free your mind_2020-07-04,dnd s+ch (нерейтинг),коньков андрей
Free your mind_2020-07-04,dnd s+ch (нерейтинг),гриненко никита
Free your mind_2020-07-04,dnd s+ch (нерейтинг),дутчак татьяна
Кубок Лета_2020-08-08,dnd beginner 0+1,милованов александр
Кубок Лета_2020-08-08,dnd beginner 0+1,мавлатов юрий
Кубок Лета_2020-08-08,dnd beginner 0+1,коньков андрей
Кубок Лета_2020-08-08,dnd beginner 0+1,николаева екатерина
Кубок Лета_2020-08-08,dnd beginner 0+1,дубровин игорь
Кубок Лета_2020-08-08,dnd beginner 0+1,лукьянова анастасия
Кубок Лета_2020-08-08,dnd beginner 0+1,арутюнян евгений
Кубок Лета_2020-08-08,dnd beginner 0+1,милованов александр
Кубок Лета_2020-08-08,dnd beginner 0+1,мавлатов юрий
Кубок Лета_2020-08-08,dnd beginner 0+1,коньков андрей
Кубок Лета_2020-08-08,dnd beginner 0+1,николаева екатерина
Кубок Лета_2020-08-08,dnd beginner 0+1,дубровин игорь
Кубок Лета_2020-08-08,dnd beginner 0+1,лукьянова анастасия
Кубок Лета_2020-08-08,dnd beginner 0+1,арутюнян евгений
Кубок Лета_2020-08-08,dnd beginner,милованов александр
Кубок Лета_2020-08-08,dnd beginner,мавлатов юрий
Кубок Лета_2020-08-08,dnd beginner,коньков андрей
Кубок Лета_2020-08-08,dnd beginner,николаева екатерина
Кубок Лета_2020-08-08,dnd beginner,дубровин игорь
Кубок Лета_2020-08-08,dnd beginner,лукьянова анастасия
Кубок Лета_2020-08-08,dnd beginner,арутюнян евгений
Кубок Лета_2020-08-08,dnd beginner,милованов александр
Кубок Лета_2020-08-08,dnd beginner,мавлатов юрий
Кубок Лета_2020-08-08,dnd beginner,коньков андрей
Кубок Лета_2020-08-08,dnd beginner,николаева екатерина
Кубок Лета_2020-08-08,dnd beginner,дубровин игорь
Кубок Лета_2020-08-08,dnd beginner,лукьянова анастасия
Кубок Лета_2020-08-08,dnd beginner,арутюнян евгений
Кубок Лета_2020-08-08,dnd днд сеньоры 4ка,милованов александр
Кубок Лета_2020-08-08,dnd днд сеньоры 4ка,мавлатов юрий
Кубок Лета_2020-08-08,dnd днд сеньоры 4ка,коньков андрей
Кубок Лета_2020-08-08,dnd днд сеньоры 4ка,николаева екатерина
Кубок Лета_2020-08-08,dnd днд сеньоры 4ка,дубровин игорь
Кубок Лета_2020-08-08,dnd днд сеньоры 4ка,лукьянова анастасия
Кубок Лета_2020-08-08,dnd днд сеньоры 4ка,арутюнян евгений
Кубок Лета_2020-08-08,dnd днд сеньоры 4ка,милованов александр
Кубок Лета_2020-08-08,dnd днд сеньоры 4ка,мавлатов юрий
Кубок Лета_2020-08-08,dnd днд сеньоры 4ка,коньков андрей
Кубок Лета_2020-08-08,dnd днд сеньоры 4ка,николаева екатерина
Кубок Лета_2020-08-08,dnd днд сеньоры 4ка,дубровин игорь
Кубок Лета_2020-08-08,dnd днд сеньоры 4ка,лукьянова анастасия
Кубок Лета_2020-08-08,dnd днд сеньоры 4ка,арутюнян евгений
SIBERIAN JAM_2020-09-19,dnd beginner 0+1,сергей лебедев
SIBERIAN JAM_2020-09-19,dnd beginner 0+1,екатерина николаева
SIBERIAN JAM_2020-09-19,dnd beginner 0+1,евгений арутюнян
SIBERIAN JAM_2020-09-19,dnd beginner 0+1,алексей евдокимов
SIBERIAN JAM_2020-09-19,dnd beginner 0+1,алексей карпунин
SIBERIAN JAM_2020-09-19,dnd beginner 0+1,сергей лебедев
SIBERIAN JAM_2020-09-19,dnd beginner 0+1,екатерина николаева
SIBERIAN JAM_2020-09-19,dnd beginner 0+1,евгений арутюнян
SIBERIAN JAM_2020-09-19,dnd beginner 0+1,алексей евдокимов
SIBERIAN JAM_2020-09-19,dnd beginner 0+1,алексей карпунин
SIBERIAN JAM_2020-09-19,dnd beginner,сергей лебедев
SIBERIAN JAM_2020-09-19,dnd beginner,екатерина николаева
SIBERIAN JAM_2020-09-19,dnd beginner,евгений арутюнян
SIBERIAN JAM_2020-09-19,dnd beginner,алексей евдокимов
SIBERIAN JAM_2020-09-19,dnd beginner,алексей карпунин
SIBERIAN JAM_2020-09-19,dnd beginner,сергей лебедев
SIBERIAN JAM_2020-09-19,dnd beginner,екатерина николаева
SIBERIAN JAM_2020-09-19,dnd beginner,евгений арутюнян
SIBERIAN JAM_2020-09-19,dnd beginner,алексей евдокимов
SIBERIAN JAM_2020-09-19,dnd beginner,алексей карпунин
SIBERIAN JAM_2020-09-19,dnd risingstar 0+1,сергей лебедев
SIBERIAN JAM_2020-09-19,dnd risingstar 0+1,екатерина николаева
SIBERIAN JAM_2020-09-19,dnd risingstar 0+1,евгений арутюнян
SIBERIAN JAM_2020-09-19,dnd risingstar 0+1,алексей евдокимов
SIBERIAN JAM_2020-09-19,dnd risingstar 0+1,алексей карпунин
SIBERIAN JAM_2020-09-19,dnd risingstar 0+1,сергей лебедев
SIBERIAN JAM_2020-09-19,dnd risingstar 0+1,екатерина николаева
SIBERIAN JAM_2020-09-19,dnd risingstar 0+1,евгений арутюнян
SIBERIAN JAM_2020-09-19,dnd risingstar 0+1,алексей евдокимов
SIBERIAN JAM_2020-09-19,dnd risingstar 0+1,алексей карпунин
SIBERIAN JAM_2020-09-19,dnd risingstar,сергей лебедев
SIBERIAN JAM_2020-09-19,dnd risingstar,екатерина николаева
SIBERIAN JAM_2020-09-19,dnd risingstar,евгений арутюнян
SIBERIAN JAM_2020-09-19,dnd risingstar,алексей евдокимов
SIBERIAN JAM_2020-09-19,dnd risingstar,алексей карпунин
SIBERIAN JAM_2020-09-19,dnd risingstar,сергей лебедев
SIBERIAN JAM_2020-09-19,dnd risingstar,екатерина николаева
SIBERIAN JAM_2020-09-19,dnd risingstar,евгений арутюнян
SIBERIAN JAM_2020-09-19,dnd risingstar,алексей евдокимов
SIBERIAN JAM_2020-09-19,dnd risingstar,алексей карпунин
SIBERIAN JAM_2020-09-19,dnd main,сергей лебедев
SIBERIAN JAM_2020-09-19,dnd main,екатерина николаева
SIBERIAN JAM_2020-09-19,dnd main,евгений арутюнян
SIBERIAN JAM_2020-09-19,dnd main,алексей евдокимов
SIBERIAN JAM_2020-09-19,dnd main,алексей карпунин
SIBERIAN JAM_2020-09-19,dnd main,сергей лебедев
SIBERIAN JAM_2020-09-19,dnd main,екатерина николаева
SIBERIAN JAM_2020-09-19,dnd main,евгений арутюнян
SIBERIAN JAM_2020-09-19,dnd main,алексей евдокимов
SIBERIAN JAM_2020-09-19,dnd main,алексей карпунин
SIBERIAN JAM_2020-09-19,dnd s+ch,сергей лебедев
SIBERIAN JAM_2020-09-19,dnd s+ch,екатерина николаева
SIBERIAN JAM_2020-09-19,dnd s+ch,евгений арутюнян
SIBERIAN JAM_2020-09-19,dnd s+ch,алексей евдокимов
SIBERIAN JAM_2020-09-19,dnd s+ch,алексей карпунин
SIBERIAN JAM_2020-09-19,dnd s+ch,сергей лебедев
SIBERIAN JAM_2020-09-19,dnd s+ch,екатерина николаева
SIBERIAN JAM_2020-09-19,dnd s+ch,евгений арутюнян
SIBERIAN JAM_2020-09-19,dnd s+ch,алексей евдокимов
SIBERIAN JAM_2020-09-19,dnd s+ch,алексей карпунин
"Открытие Сезона 2020-2021, г. Москва_2020-09-27",dnd beginner 0+1,лебедев сергей
"Открытие Сезона 2020-2021, г. Москва_2020-09-27",dnd beginner 0+1,катунин павел
"Открытие Сезона 2020-2021, г. Москва_2020-09-27",dnd beginner 0+1,волконский иван
"Открытие Сезона 2020-2021, г. Москва_2020-09-27",dnd beginner 0+1,милованов александр
"Открытие Сезона 2020-2021, г. Москва_2020-09-27",dnd beginner 0+1,кудрявцев михаил
"Открытие Сезона 2020-2021, г. Москва_2020-09-27",dnd beginner 0+1,лебедев сергей
"Открытие Сезона 2020-2021, г. Москва_2020-09-27",dnd beginner 0+1,катунин павел
"Открытие Сезона 2020-2021, г. Москва_2020-09-27",dnd beginner 0+1,волконский иван
"Открытие Сезона 2020-2021, г. Москва_2020-09-27",dnd beginner 0+1,милованов александр
"Открытие Сезона 2020-2021, г. Москва_2020-09-27",dnd beginner 0+1,кудрявцев михаил
"Открытие Сезона 2020-2021, г. Москва_2020-09-27",dnd beginner,лебедев сергей
"Открытие Сезона 2020-2021, г. Москва_2020-09-27",dnd beginner,катунин павел
"Открытие Сезона 2020-2021, г. Москва_2020-09-27",dnd beginner,волконский иван
"Открытие Сезона 2020-2021, г. Москва_2020-09-27",dnd beginner,милованов александр
"Открытие Сезона 2020-2021, г. Москва_2020-09-27",dnd beginner,кудрявцев михаил
"Открытие Сезона 2020-2021, г. Москва_2020-09-27",dnd beginner,лебедев сергей
"Открытие Сезона 2020-2021, г. Москва_2020-09-27",dnd beginner,катунин павел
"Открытие Сезона 2020-2021, г. Москва_2020-09-27",dnd beginner,волконский иван
"Открытие Сезона 2020-2021, г. Москва_2020-09-27",dnd beginner,милованов александр
"Открытие Сезона 2020-2021, г. Москва_2020-09-27",dnd beginner,кудрявцев михаил
"Открытие Сезона 2020-2021, г. Москва_2020-09-27",dnd risingstar,лебедев сергей
"Открытие Сезона 2020-2021, г. Москва_2020-09-27",dnd risingstar,катунин павел
"Открытие Сезона 2020-2021, г. Москва_2020-09-27",dnd risingstar,волконский иван
"Открытие Сезона 2020-2021, г. Москва_2020-09-27",dnd risingstar,милованов александр
"Открытие Сезона 2020-2021, г. Москва_2020-09-27",dnd risingstar,кудрявцев михаил
"Открытие Сезона 2020-2021, г. Москва_2020-09-27",dnd risingstar,лебедев сергей
"Открытие Сезона 2020-2021, г. Москва_2020-09-27",dnd risingstar,катунин павел
"Открытие Сезона 2020-2021, г. Москва_2020-09-27",dnd risingstar,волконский иван
"Открытие Сезона 2020-2021, г. Москва_2020-09-27",dnd risingstar,милованов александр
"Открытие Сезона 2020-2021, г. Москва_2020-09-27",dnd risingstar,кудрявцев михаил
"Открытие Сезона 2020-2021, г. Москва_2020-09-27",dnd main,лебедев сергей
"Открытие Сезона 2020-2021, г. Москва_2020-09-27",dnd main,катунин павел
"Открытие Сезона 2020-2021, г. Москва_2020-09-27",dnd main,волконский иван
"Открытие Сезона 2020-2021, г. Москва_2020-09-27",dnd main,милованов александр
"Открытие Сезона 2020-2021, г. Москва_2020-09-27",dnd main,кудрявцев михаил
"Открытие Сезона 2020-2021, г. Москва_2020-09-27",dnd main,лебедев сергей
"Открытие Сезона 2020-2021, г. Москва_2020-09-27",dnd main,катунин павел
"Открытие Сезона 2020-2021, г. Москва_2020-09-27",dnd main,волконский иван
"Открытие Сезона 2020-2021, г. Москва_2020-09-27",dnd main,милованов александр
"Открытие Сезона 2020-2021, г. Москва_2020-09-27",dnd main,кудрявцев михаил
"Открытие Сезона 2020-2021, г. Москва_2020-09-27",dnd s+ch,лебедев сергей
"Открытие Сезона 2020-2021, г. Москва_2020-09-27",dnd s+ch,катунин павел
"Открытие Сезона 2020-2021, г. Москва_2020-09-27",dnd s+ch,волконский иван
"Открытие Сезона 2020-2021, г. Москва_2020-09-27",dnd s+ch,милованов александр
"Открытие Сезона 2020-2021, г. Москва_2020-09-27",dnd s+ch,кудрявцев михаил
"Открытие Сезона 2020-2021, г. Москва_2020-09-27",dnd s+ch,лебедев сергей
"Открытие Сезона 2020-2021, г. Москва_2020-09-27",dnd s+ch,катунин павел
"Открытие Сезона 2020-2021, г. Москва_2020-09-27",dnd s+ch,волконский иван
"Открытие Сезона 2020-2021, г. Москва_2020-09-27",dnd s+ch,милованов александр
"Открытие Сезона 2020-2021, г. Москва_2020-09-27",dnd s+ch,кудрявцев михаил
MusicUp_2020-10-03,dnd beginner 0,николаева екатерина
MusicUp_2020-10-03,dnd beginner 0,катунин павел
MusicUp_2020-10-03,dnd beginner 0,кудрявцев михаил
MusicUp_2020-10-03,dnd beginner 0,дубровин игорь
MusicUp_2020-10-03,dnd beginner 0,лебедева вероника
MusicUp_2020-10-03,dnd beginner 0,николаева екатерина
MusicUp_2020-10-03,dnd beginner 0,катунин павел
MusicUp_2020-10-03,dnd beginner 0,кудрявцев михаил
MusicUp_2020-10-03,dnd beginner 0,дубровин игорь
MusicUp_2020-10-03,dnd beginner 0,лебедева вероника
MusicUp_2020-10-03,dnd beginner,николаева екатерина
MusicUp_2020-10-03,dnd beginner,катунин павел
MusicUp_2020-10-03,dnd beginner,кудрявцев михаил
MusicUp_2020-10-03,dnd beginner,дубровин игорь
MusicUp_2020-10-03,dnd beginner,лебедева вероника
MusicUp_2020-10-03,dnd beginner,николаева екатерина
MusicUp_2020-10-03,dnd beginner,катунин павел
MusicUp_2020-10-03,dnd beginner,кудрявцев михаил
MusicUp_2020-10-03,dnd beginner,дубровин игорь
MusicUp_2020-10-03,dnd beginner,лебедева вероника
MusicUp_2020-10-03,dnd risingstar 0+1,николаева екатерина
MusicUp_2020-10-03,dnd risingstar 0+1,катунин павел
MusicUp_2020-10-03,dnd risingstar 0+1,кудрявцев михаил
MusicUp_2020-10-03,dnd risingstar 0+1,дубровин игорь
MusicUp_2020-10-03,dnd risingstar 0+1,лебедева вероника
MusicUp_2020-10-03,dnd risingstar 0+1,николаева екатерина
MusicUp_2020-10-03,dnd risingstar 0+1,катунин павел
MusicUp_2020-10-03,dnd risingstar 0+1,кудрявцев михаил
MusicUp_2020-10-03,dnd risingstar 0+1,дубровин игорь
MusicUp_2020-10-03,dnd risingstar 0+1,лебедева вероника
MusicUp_2020-10-03,dnd risingstar,николаева екатерина
MusicUp_2020-10-03,dnd risingstar,катунин павел
MusicUp_2020-10-03,dnd risingstar,кудрявцев михаил
MusicUp_2020-10-03,dnd risingstar,дубровин игорь
MusicUp_2020-10-03,dnd risingstar,лебедева вероника
MusicUp_2020-10-03,dnd risingstar,николаева екатерина
MusicUp_2020-10-03,dnd risingstar,катунин павел
MusicUp_2020-10-03,dnd risingstar,кудрявцев михаил
MusicUp_2020-10-03,dnd risingstar,дубровин игорь
MusicUp_2020-10-03,dnd risingstar,лебедева вероника
MusicUp_2020-10-03,dnd main 0,николаева екатерина
MusicUp_2020-10-03,dnd main 0,катунин павел
MusicUp_2020-10-03,dnd main 0,кудрявцев михаил
MusicUp_2020-10-03,dnd main 0,дубровин игорь
MusicUp_2020-10-03,dnd main 0,лебедева вероника
MusicUp_2020-10-03,dnd main 0,николаева екатерина
MusicUp_2020-10-03,dnd main 0,катунин павел
MusicUp_2020-10-03,dnd main 0,кудрявцев михаил
MusicUp_2020-10-03,dnd main 0,дубровин игорь
MusicUp_2020-10-03,dnd main 0,лебедева вероника
MusicUp_2020-10-03,dnd jnj absolute,николаева екатерина
MusicUp_2020-10-03,dnd jnj absolute,катунин павел
MusicUp_2020-10-03,dnd jnj absolute,кудрявцев михаил
MusicUp_2020-10-03,dnd jnj absolute,дубровин игорь
MusicUp_2020-10-03,dnd jnj absolute,дутчак татьяна
MusicUp_2020-10-03,dnd jnj absolute,николаева екатерина
MusicUp_2020-10-03,dnd jnj absolute,катунин павел
MusicUp_2020-10-03,dnd jnj absolute,кудрявцев михаил
MusicUp_2020-10-03,dnd jnj absolute,дубровин игорь
MusicUp_2020-10-03,dnd jnj absolute,дутчак татьяна
MusicUp_2020-10-03,dnd main,николаева екатерина
MusicUp_2020-10-03,dnd main,катунин павел
MusicUp_2020-10-03,dnd main,кудрявцев михаил
MusicUp_2020-10-03,dnd main,дубровин игорь
MusicUp_2020-10-03,dnd main,дутчак татьяна
MusicUp_2020-10-03,dnd main,николаева екатерина
MusicUp_2020-10-03,dnd main,катунин павел
MusicUp_2020-10-03,dnd main,кудрявцев михаил
MusicUp_2020-10-03,dnd main,дубровин игорь
MusicUp_2020-10-03,dnd main,дутчак татьяна
MusicUp_2020-10-03,dnd star 0,николаева екатерина
MusicUp_2020-10-03,dnd star 0,катунин павел
MusicUp_2020-10-03,dnd star 0,кудрявцев михаил
MusicUp_2020-10-03,dnd star 0,дубровин игорь
MusicUp_2020-10-03,dnd star 0,дутчак татьяна
MusicUp_2020-10-03,dnd star 0,николаева екатерина
MusicUp_2020-10-03,dnd star 0,катунин павел
MusicUp_2020-10-03,dnd star 0,кудрявцев михаил
MusicUp_2020-10-03,dnd star 0,дубровин игорь
MusicUp_2020-10-03,dnd star 0,дутчак татьяна
MusicUp_2020-10-03,dnd s+ch,николаева екатерина
MusicUp_2020-10-03,dnd s+ch,катунин павел
MusicUp_2020-10-03,dnd s+ch,кудрявцев михаил
MusicUp_2020-10-03,dnd s+ch,дубровин игорь
MusicUp_2020-10-03,dnd s+ch,дутчак татьяна
MusicUp_2020-10-03,dnd s+ch,николаева екатерина
MusicUp_2020-10-03,dnd s+ch,катунин павел
MusicUp_2020-10-03,dnd s+ch,кудрявцев михаил
MusicUp_2020-10-03,dnd s+ch,дубровин игорь
MusicUp_2020-10-03,dnd s+ch,дутчак татьяна
Чемпионат Екатеринбурга 2020_2020-10-03,dnd beginner 0+1,александр милованов
Чемпионат Екатеринбурга 2020_2020-10-03,dnd beginner 0+1,анастасия лукьянова
Чемпионат Екатеринбурга 2020_2020-10-03,dnd beginner 0+1,роман самохвалов
Чемпионат Екатеринбурга 2020_2020-10-03,dnd beginner 0+1,алексей карпунин
Чемпионат Екатеринбурга 2020_2020-10-03,dnd beginner 0+1,елена цветкова
Чемпионат Екатеринбурга 2020_2020-10-03,dnd beginner 0+1,александр милованов
Чемпионат Екатеринбурга 2020_2020-10-03,dnd beginner 0+1,анастасия лукьянова
Чемпионат Екатеринбурга 2020_2020-10-03,dnd beginner 0+1,роман самохвалов
Чемпионат Екатеринбурга 2020_2020-10-03,dnd beginner 0+1,алексей карпунин
Чемпионат Екатеринбурга 2020_2020-10-03,dnd beginner 0+1,елена цветкова
Чемпионат Екатеринбурга 2020_2020-10-03,dnd beginner,александр милованов
Чемпионат Екатеринбурга 2020_2020-10-03,dnd beginner,анастасия лукьянова
Чемпионат Екатеринбурга 2020_2020-10-03,dnd beginner,роман самохвалов
Чемпионат Екатеринбурга 2020_2020-10-03,dnd beginner,алексей карпунин
Чемпионат Екатеринбурга 2020_2020-10-03,dnd beginner,елена цветкова
Чемпионат Екатеринбурга 2020_2020-10-03,dnd beginner,александр милованов
Чемпионат Екатеринбурга 2020_2020-10-03,dnd beginner,анастасия лукьянова
Чемпионат Екатеринбурга 2020_2020-10-03,dnd beginner,роман самохвалов
Чемпионат Екатеринбурга 2020_2020-10-03,dnd beginner,алексей карпунин
Чемпионат Екатеринбурга 2020_2020-10-03,dnd beginner,елена цветкова
Чемпионат Екатеринбурга 2020_2020-10-03,dnd risingstar,александр милованов
Чемпионат Екатеринбурга 2020_2020-10-03,dnd risingstar,анастасия лукьянова
Чемпионат Екатеринбурга 2020_2020-10-03,dnd risingstar,роман самохвалов
Чемпионат Екатеринбурга 2020_2020-10-03,dnd risingstar,алексей карпунин
Чемпионат Екатеринбурга 2020_2020-10-03,dnd risingstar,елена цветкова
Чемпионат Екатеринбурга 2020_2020-10-03,dnd risingstar,александр милованов
Чемпионат Екатеринбурга 2020_2020-10-03,dnd risingstar,анастасия лукьянова
Чемпионат Екатеринбурга 2020_2020-10-03,dnd risingstar,роман самохвалов
Чемпионат Екатеринбурга 2020_2020-10-03,dnd risingstar,алексей карпунин
Чемпионат Екатеринбурга 2020_2020-10-03,dnd risingstar,елена цветкова
Чемпионат Екатеринбурга 2020_2020-10-03,dnd m+s,александр милованов
Чемпионат Екатеринбурга 2020_2020-10-03,dnd m+s,анастасия лукьянова
Чемпионат Екатеринбурга 2020_2020-10-03,dnd m+s,роман самохвалов
Чемпионат Екатеринбурга 2020_2020-10-03,dnd m+s,алексей карпунин
Чемпионат Екатеринбурга 2020_2020-10-03,dnd m+s,елена цветкова
Чемпионат Екатеринбурга 2020_2020-10-03,dnd m+s,александр милованов
Чемпионат Екатеринбурга 2020_2020-10-03,dnd m+s,анастасия лукьянова
Чемпионат Екатеринбурга 2020_2020-10-03,dnd m+s,роман самохвалов
Чемпионат Екатеринбурга 2020_2020-10-03,dnd m+s,алексей карпунин
Чемпионат Екатеринбурга 2020_2020-10-03,dnd m+s,елена цветкова
H&D Cup_2020-10-16,dnd днд pro-am beginner,ермаков виталий
H&D Cup_2020-10-16,dnd днд pro-am beginner,лебедев сергей
H&D Cup_2020-10-16,dnd днд pro-am beginner,арутюнян евгений
H&D Cup_2020-10-16,dnd днд pro-am beginner,катунин павел
H&D Cup_2020-10-16,dnd днд pro-am beginner,иентш александр
H&D Cup_2020-10-16,dnd днд pro-am rs,ермаков виталий
H&D Cup_2020-10-16,dnd днд pro-am rs,лебедев сергей
H&D Cup_2020-10-16,dnd днд pro-am rs,арутюнян евгений
H&D Cup_2020-10-16,dnd днд pro-am rs,катунин павел
H&D Cup_2020-10-16,dnd днд pro-am rs,иентш александр
H&D Cup_2020-10-16,dnd днд pro-am main,ермаков виталий
H&D Cup_2020-10-16,dnd днд pro-am main,лебедев сергей
H&D Cup_2020-10-16,dnd днд pro-am main,арутюнян евгений
H&D Cup_2020-10-16,dnd днд pro-am main,катунин павел
H&D Cup_2020-10-16,dnd днд pro-am main,иентш александр
H&D Cup_2020-10-16,dnd днд pro-am beginner,николаева екатерина
H&D Cup_2020-10-16,dnd днд pro-am beginner,степочкина яна
H&D Cup_2020-10-16,dnd днд pro-am beginner,азиатцева ольга
H&D Cup_2020-10-16,dnd днд pro-am beginner,дутчак татьяна
H&D Cup_2020-10-16,dnd днд pro-am beginner,казакова олеся
H&D Cup_2020-10-16,dnd днд pro-am rs,николаева екатерина
H&D Cup_2020-10-16,dnd днд pro-am rs,степочкина яна
H&D Cup_2020-10-16,dnd днд pro-am rs,азиатцева ольга
H&D Cup_2020-10-16,dnd днд pro-am rs,дутчак татьяна
H&D Cup_2020-10-16,dnd днд pro-am rs,казакова олеся
H&D Cup_2020-10-16,dnd днд pro-am main,николаева екатерина
H&D Cup_2020-10-16,dnd днд pro-am main,степочкина яна
H&D Cup_2020-10-16,dnd днд pro-am main,азиатцева ольга
H&D Cup_2020-10-16,dnd днд pro-am main,дутчак татьяна
H&D Cup_2020-10-16,dnd днд pro-am main,казакова олеся
H&D Cup_2020-10-16,dnd beginner 0+1,волконский иван
H&D Cup_2020-10-16,dnd beginner 0+1,лебедев сергей
H&D Cup_2020-10-16,dnd beginner 0+1,николаева екатерина
H&D Cup_2020-10-16,dnd beginner 0+1,катунин павел
H&D Cup_2020-10-16,dnd beginner 0+1,кудрявцева ирина
H&D Cup_2020-10-16,dnd beginner 0+1,волконский иван
H&D Cup_2020-10-16,dnd beginner 0+1,лебедев сергей
H&D Cup_2020-10-16,dnd beginner 0+1,николаева екатерина
H&D Cup_2020-10-16,dnd beginner 0+1,катунин павел
H&D Cup_2020-10-16,dnd beginner 0+1,кудрявцева ирина
H&D Cup_2020-10-16,dnd beginner,волконский иван
H&D Cup_2020-10-16,dnd beginner,лебедев сергей
H&D Cup_2020-10-16,dnd beginner,николаева екатерина
H&D Cup_2020-10-16,dnd beginner,катунин павел
H&D Cup_2020-10-16,dnd beginner,кудрявцева ирина
H&D Cup_2020-10-16,dnd beginner,волконский иван
H&D Cup_2020-10-16,dnd beginner,лебедев сергей
H&D Cup_2020-10-16,dnd beginner,николаева екатерина
H&D Cup_2020-10-16,dnd beginner,катунин павел
H&D Cup_2020-10-16,dnd beginner,кудрявцева ирина
H&D Cup_2020-10-16,dnd risingstar 0+1,волконский иван
H&D Cup_2020-10-16,dnd risingstar 0+1,лебедев сергей
H&D Cup_2020-10-16,dnd risingstar 0+1,николаева екатерина
H&D Cup_2020-10-16,dnd risingstar 0+1,катунин павел
H&D Cup_2020-10-16,dnd risingstar 0+1,пузанова ирина
H&D Cup_2020-10-16,dnd risingstar 0+1,волконский иван
H&D Cup_2020-10-16,dnd risingstar 0+1,лебедев сергей
H&D Cup_2020-10-16,dnd risingstar 0+1,николаева екатерина
H&D Cup_2020-10-16,dnd risingstar 0+1,катунин павел
H&D Cup_2020-10-16,dnd risingstar 0+1,пузанова ирина
H&D Cup_2020-10-16,dnd risingstar,волконский иван
H&D Cup_2020-10-16,dnd risingstar,лебедев сергей
H&D Cup_2020-10-16,dnd risingstar,николаева екатерина
H&D Cup_2020-10-16,dnd risingstar,катунин павел
H&D Cup_2020-10-16,dnd risingstar,пузанова ирина
H&D Cup_2020-10-16,dnd risingstar,волконский иван
H&D Cup_2020-10-16,dnd risingstar,лебедев сергей
H&D Cup_2020-10-16,dnd risingstar,николаева екатерина
H&D Cup_2020-10-16,dnd risingstar,катунин павел
H&D Cup_2020-10-16,dnd risingstar,пузанова ирина
H&D Cup_2020-10-16,dnd main 0+1,волконский иван
H&D Cup_2020-10-16,dnd main 0+1,лебедев сергей
H&D Cup_2020-10-16,dnd main 0+1,николаева екатерина
H&D Cup_2020-10-16,dnd main 0+1,катунин павел
H&D Cup_2020-10-16,dnd main 0+1,пузанова ирина
H&D Cup_2020-10-16,dnd main 0+1,волконский иван
H&D Cup_2020-10-16,dnd main 0+1,лебедев сергей
H&D Cup_2020-10-16,dnd main 0+1,николаева екатерина
H&D Cup_2020-10-16,dnd main 0+1,катунин павел
H&D Cup_2020-10-16,dnd main 0+1,пузанова ирина
H&D Cup_2020-10-16,dnd main,волконский иван
H&D Cup_2020-10-16,dnd main,лебедев сергей
H&D Cup_2020-10-16,dnd main,николаева екатерина
H&D Cup_2020-10-16,dnd main,катунин павел
H&D Cup_2020-10-16,dnd main,пузанова ирина
H&D Cup_2020-10-16,dnd main,волконский иван
H&D Cup_2020-10-16,dnd main,лебедев сергей
H&D Cup_2020-10-16,dnd main,николаева екатерина
H&D Cup_2020-10-16,dnd main,катунин павел
H&D Cup_2020-10-16,dnd main,пузанова ирина
H&D Cup_2020-10-16,dnd s+ch,волконский иван
H&D Cup_2020-10-16,dnd s+ch,лебедев сергей
H&D Cup_2020-10-16,dnd s+ch,николаева екатерина
H&D Cup_2020-10-16,dnd s+ch,катунин павел
H&D Cup_2020-10-16,dnd s+ch,пузанова ирина
H&D Cup_2020-10-16,dnd s+ch,волконский иван
H&D Cup_2020-10-16,dnd s+ch,лебедев сергей
H&D Cup_2020-10-16,dnd s+ch,николаева екатерина
H&D Cup_2020-10-16,dnd s+ch,катунин павел
H&D Cup_2020-10-16,dnd s+ch,пузанова ирина
Открытый турнир для Е+D классов._2020-10-25,dnd beginner 0,стрельченко мария
Открытый турнир для Е+D классов._2020-10-25,dnd beginner 0,северин алексей
Открытый турнир для Е+D классов._2020-10-25,dnd beginner 0,стрельченко мария
Открытый турнир для Е+D классов._2020-10-25,dnd beginner 0,северин алексей
Открытый турнир для Е+D классов._2020-10-25,dnd beginner,стрельченко мария
Открытый турнир для Е+D классов._2020-10-25,dnd beginner,северин алексей
Открытый турнир для Е+D классов._2020-10-25,dnd beginner,стрельченко мария
Открытый турнир для Е+D классов._2020-10-25,dnd beginner,северин алексей
Открытый турнир для Е+D классов._2020-10-25,dnd rising star 0,стрельченко мария
Открытый турнир для Е+D классов._2020-10-25,dnd rising star 0,северин алексей
Открытый турнир для Е+D классов._2020-10-25,dnd rising star 0,стрельченко мария
Открытый турнир для Е+D классов._2020-10-25,dnd rising star 0,северин алексей
Открытый турнир для Е+D классов._2020-10-25,dnd rising star,стрельченко мария
Открытый турнир для Е+D классов._2020-10-25,dnd rising star,северин алексей
Открытый турнир для Е+D классов._2020-10-25,dnd rising star,стрельченко мария
Открытый турнир для Е+D классов._2020-10-25,dnd rising star,северин алексей
"Осенний кубок клуба ""Движение""_2020-10-31",dnd сеньоры 4,кудрявцев михаил
"Осенний кубок клуба ""Движение""_2020-10-31",dnd сеньоры 4,мавлатов юрий
"Осенний кубок клуба ""Движение""_2020-10-31",dnd сеньоры 4,дубровин игорь
"Осенний кубок клуба ""Движение""_2020-10-31",dnd сеньоры 4,луценко александра
"Осенний кубок клуба ""Движение""_2020-10-31",dnd сеньоры 4,лукьянова анастасия
"Осенний кубок клуба ""Движение""_2020-10-31",dnd сеньоры 4,кудрявцев михаил
"Осенний кубок клуба ""Движение""_2020-10-31",dnd сеньоры 4,мавлатов юрий
"Осенний кубок клуба ""Движение""_2020-10-31",dnd сеньоры 4,дубровин игорь
"Осенний кубок клуба ""Движение""_2020-10-31",dnd сеньоры 4,луценко александра
"Осенний кубок клуба ""Движение""_2020-10-31",dnd сеньоры 4,лукьянова анастасия
"Осенний кубок клуба ""Движение""_2020-10-31",dnd beginner 0+1,кудрявцев михаил
"Осенний кубок клуба ""Движение""_2020-10-31",dnd beginner 0+1,мавлатов юрий
"Осенний кубок клуба ""Движение""_2020-10-31",dnd beginner 0+1,дубровин игорь
"Осенний кубок клуба ""Движение""_2020-10-31",dnd beginner 0+1,луценко александра
"Осенний кубок клуба ""Движение""_2020-10-31",dnd beginner 0+1,лукьянова анастасия
"Осенний кубок клуба ""Движение""_2020-10-31",dnd beginner 0+1,кудрявцев михаил
"Осенний кубок клуба ""Движение""_2020-10-31",dnd beginner 0+1,мавлатов юрий
"Осенний кубок клуба ""Движение""_2020-10-31",dnd beginner 0+1,дубровин игорь
"Осенний кубок клуба ""Движение""_2020-10-31",dnd beginner 0+1,луценко александра
"Осенний кубок клуба ""Движение""_2020-10-31",dnd beginner 0+1,лукьянова анастасия
"Осенний кубок клуба ""Движение""_2020-10-31",dnd beginner,кудрявцев михаил
"Осенний кубок клуба ""Движение""_2020-10-31",dnd beginner,мавлатов юрий
"Осенний кубок клуба ""Движение""_2020-10-31",dnd beginner,дубровин игорь
"Осенний кубок клуба ""Движение""_2020-10-31",dnd beginner,луценко александра
"Осенний кубок клуба ""Движение""_2020-10-31",dnd beginner,лукьянова анастасия
"Осенний кубок клуба ""Движение""_2020-10-31",dnd beginner,кудрявцев михаил
"Осенний кубок клуба ""Движение""_2020-10-31",dnd beginner,мавлатов юрий
"Осенний кубок клуба ""Движение""_2020-10-31",dnd beginner,дубровин игорь
"Осенний кубок клуба ""Движение""_2020-10-31",dnd beginner,луценко александра
"Осенний кубок клуба ""Движение""_2020-10-31",dnd beginner,лукьянова анастасия
"Осенний кубок клуба ""Движение""_2020-10-31",dnd risingstar 0+1,кудрявцев михаил
"Осенний кубок клуба ""Движение""_2020-10-31",dnd risingstar 0+1,мавлатов юрий
"Осенний кубок клуба ""Движение""_2020-10-31",dnd risingstar 0+1,дубровин игорь
"Осенний кубок клуба ""Движение""_2020-10-31",dnd risingstar 0+1,луценко александра
"Осенний кубок клуба ""Движение""_2020-10-31",dnd risingstar 0+1,лукьянова анастасия
"Осенний кубок клуба ""Движение""_2020-10-31",dnd risingstar 0+1,кудрявцев михаил
"Осенний кубок клуба ""Движение""_2020-10-31",dnd risingstar 0+1,мавлатов юрий
"Осенний кубок клуба ""Движение""_2020-10-31",dnd risingstar 0+1,дубровин игорь
"Осенний кубок клуба ""Движение""_2020-10-31",dnd risingstar 0+1,луценко александра
"Осенний кубок клуба ""Движение""_2020-10-31",dnd risingstar 0+1,лукьянова анастасия
"Осенний кубок клуба ""Движение""_2020-10-31",dnd risingstar,кудрявцев михаил
"Осенний кубок клуба ""Движение""_2020-10-31",dnd risingstar,мавлатов юрий
"Осенний кубок клуба ""Движение""_2020-10-31",dnd risingstar,дубровин игорь
"Осенний кубок клуба ""Движение""_2020-10-31",dnd risingstar,луценко александра
"Осенний кубок клуба ""Движение""_2020-10-31",dnd risingstar,лукьянова анастасия
"Осенний кубок клуба ""Движение""_2020-10-31",dnd risingstar,кудрявцев михаил
"Осенний кубок клуба ""Движение""_2020-10-31",dnd risingstar,мавлатов юрий
"Осенний кубок клуба ""Движение""_2020-10-31",dnd risingstar,дубровин игорь
"Осенний кубок клуба ""Движение""_2020-10-31",dnd risingstar,луценко александра
"Осенний кубок клуба ""Движение""_2020-10-31",dnd risingstar,лукьянова анастасия
"Осенний кубок клуба ""Движение""_2020-10-31",dnd main 0+1,кудрявцев михаил
"Осенний кубок клуба ""Движение""_2020-10-31",dnd main 0+1,мавлатов юрий
"Осенний кубок клуба ""Движение""_2020-10-31",dnd main 0+1,дубровин игорь
"Осенний кубок клуба ""Движение""_2020-10-31",dnd main 0+1,коньков андрей
"Осенний кубок клуба ""Движение""_2020-10-31",dnd main 0+1,николаева екатерина
"Осенний кубок клуба ""Движение""_2020-10-31",dnd main 0+1,кудрявцев михаил
"Осенний кубок клуба ""Движение""_2020-10-31",dnd main 0+1,мавлатов юрий
"Осенний кубок клуба ""Движение""_2020-10-31",dnd main 0+1,дубровин игорь
"Осенний кубок клуба ""Движение""_2020-10-31",dnd main 0+1,коньков андрей
"Осенний кубок клуба ""Движение""_2020-10-31",dnd main 0+1,николаева екатерина
"Осенний кубок клуба ""Движение""_2020-10-31",dnd main,кудрявцев михаил
"Осенний кубок клуба ""Движение""_2020-10-31",dnd main,мавлатов юрий
"Осенний кубок клуба ""Движение""_2020-10-31",dnd main,дубровин игорь
"Осенний кубок клуба ""Движение""_2020-10-31",dnd main,коньков андрей
"Осенний кубок клуба ""Движение""_2020-10-31",dnd main,николаева екатерина
"Осенний кубок клуба ""Движение""_2020-10-31",dnd main,кудрявцев михаил
"Осенний кубок клуба ""Движение""_2020-10-31",dnd main,мавлатов юрий
"Осенний кубок клуба ""Движение""_2020-10-31",dnd main,дубровин игорь
"Осенний кубок клуба ""Движение""_2020-10-31",dnd main,коньков андрей
"Осенний кубок клуба ""Движение""_2020-10-31",dnd main,николаева екатерина
"Осенний кубок клуба ""Движение""_2020-10-31",dnd star 0+4,кудрявцев михаил
"Осенний кубок клуба ""Движение""_2020-10-31",dnd star 0+4,мавлатов юрий
"Осенний кубок клуба ""Движение""_2020-10-31",dnd star 0+4,дубровин игорь
"Осенний кубок клуба ""Движение""_2020-10-31",dnd star 0+4,коньков андрей
"Осенний кубок клуба ""Движение""_2020-10-31",dnd star 0+4,николаева екатерина
"Осенний кубок клуба ""Движение""_2020-10-31",dnd star 0+4,кудрявцев михаил
"Осенний кубок клуба ""Движение""_2020-10-31",dnd star 0+4,мавлатов юрий
"Осенний кубок клуба ""Движение""_2020-10-31",dnd star 0+4,дубровин игорь
"Осенний кубок клуба ""Движение""_2020-10-31",dnd star 0+4,коньков андрей
"Осенний кубок клуба ""Движение""_2020-10-31",dnd star 0+4,николаева екатерина
"Осенний кубок клуба ""Движение""_2020-10-31",dnd s+ch,кудрявцев михаил
"Осенний кубок клуба ""Движение""_2020-10-31",dnd s+ch,мавлатов юрий
"Осенний кубок клуба ""Движение""_2020-10-31",dnd s+ch,дубровин игорь
"Осенний кубок клуба ""Движение""_2020-10-31",dnd s+ch,коньков андрей
"Осенний кубок клуба ""Движение""_2020-10-31",dnd s+ch,николаева екатерина
"Осенний кубок клуба ""Движение""_2020-10-31",dnd s+ch,кудрявцев михаил
"Осенний кубок клуба ""Движение""_2020-10-31",dnd s+ch,мавлатов юрий
"Осенний кубок клуба ""Движение""_2020-10-31",dnd s+ch,дубровин игорь
"Осенний кубок клуба ""Движение""_2020-10-31",dnd s+ch,коньков андрей
"Осенний кубок клуба ""Движение""_2020-10-31",dnd s+ch,николаева екатерина
Чемпионат Казани_2020-11-07,dnd beginner 0+1,николаева екатерина
Чемпионат Казани_2020-11-07,dnd beginner 0+1,лебедева вероника
Чемпионат Казани_2020-11-07,dnd beginner 0+1,макарчук александр
Чемпионат Казани_2020-11-07,dnd beginner 0+1,цветкова елена
Чемпионат Казани_2020-11-07,dnd beginner 0+1,арутюнян евгений
Чемпионат Казани_2020-11-07,dnd beginner 0+1,николаева екатерина
Чемпионат Казани_2020-11-07,dnd beginner 0+1,лебедева вероника
Чемпионат Казани_2020-11-07,dnd beginner 0+1,макарчук александр
Чемпионат Казани_2020-11-07,dnd beginner 0+1,цветкова елена
Чемпионат Казани_2020-11-07,dnd beginner 0+1,арутюнян евгений
Чемпионат Казани_2020-11-07,dnd beginner,николаева екатерина
Чемпионат Казани_2020-11-07,dnd beginner,лебедева вероника
Чемпионат Казани_2020-11-07,dnd beginner,макарчук александр
Чемпионат Казани_2020-11-07,dnd beginner,цветкова елена
Чемпионат Казани_2020-11-07,dnd beginner,арутюнян евгений
Чемпионат Казани_2020-11-07,dnd beginner,николаева екатерина
Чемпионат Казани_2020-11-07,dnd beginner,лебедева вероника
Чемпионат Казани_2020-11-07,dnd beginner,макарчук александр
Чемпионат Казани_2020-11-07,dnd beginner,цветкова елена
Чемпионат Казани_2020-11-07,dnd beginner,арутюнян евгений
Чемпионат Казани_2020-11-07,dnd risingstar,николаева екатерина
Чемпионат Казани_2020-11-07,dnd risingstar,лебедева вероника
Чемпионат Казани_2020-11-07,dnd risingstar,макарчук александр
Чемпионат Казани_2020-11-07,dnd risingstar,цветкова елена
Чемпионат Казани_2020-11-07,dnd risingstar,арутюнян евгений
Чемпионат Казани_2020-11-07,dnd risingstar,николаева екатерина
Чемпионат Казани_2020-11-07,dnd risingstar,лебедева вероника
Чемпионат Казани_2020-11-07,dnd risingstar,макарчук александр
Чемпионат Казани_2020-11-07,dnd risingstar,цветкова елена
Чемпионат Казани_2020-11-07,dnd risingstar,арутюнян евгений
Чемпионат Казани_2020-11-07,dnd main,николаева екатерина
Чемпионат Казани_2020-11-07,dnd main,лебедева вероника
Чемпионат Казани_2020-11-07,dnd main,макарчук александр
Чемпионат Казани_2020-11-07,dnd main,цветкова елена
Чемпионат Казани_2020-11-07,dnd main,арутюнян евгений
Чемпионат Казани_2020-11-07,dnd main,николаева екатерина
Чемпионат Казани_2020-11-07,dnd main,лебедева вероника
Чемпионат Казани_2020-11-07,dnd main,макарчук александр
Чемпионат Казани_2020-11-07,dnd main,цветкова елена
Чемпионат Казани_2020-11-07,dnd main,арутюнян евгений
Чемпионат Казани_2020-11-07,dnd jnj абсолют,николаева екатерина
Чемпионат Казани_2020-11-07,dnd jnj абсолют,лебедева вероника
Чемпионат Казани_2020-11-07,dnd jnj абсолют,макарчук александр
Чемпионат Казани_2020-11-07,dnd jnj абсолют,цветкова елена
Чемпионат Казани_2020-11-07,dnd jnj абсолют,арутюнян евгений
Чемпионат Казани_2020-11-07,dnd jnj абсолют,николаева екатерина
Чемпионат Казани_2020-11-07,dnd jnj абсолют,лебедева вероника
Чемпионат Казани_2020-11-07,dnd jnj абсолют,макарчук александр
Чемпионат Казани_2020-11-07,dnd jnj абсолют,цветкова елена
Чемпионат Казани_2020-11-07,dnd jnj абсолют,арутюнян евгений
SNEG-i-RHYTHM_2020-12-06,dnd beginner 0,карпунин алексей
SNEG-i-RHYTHM_2020-12-06,dnd beginner 0,цветкова елена
SNEG-i-RHYTHM_2020-12-06,dnd beginner 0,евдокимов алексей
SNEG-i-RHYTHM_2020-12-06,dnd beginner 0,гиря дмитрий
SNEG-i-RHYTHM_2020-12-06,dnd beginner 0,резчиков александр
SNEG-i-RHYTHM_2020-12-06,dnd beginner 0,карпунин алексей
SNEG-i-RHYTHM_2020-12-06,dnd beginner 0,цветкова елена
SNEG-i-RHYTHM_2020-12-06,dnd beginner 0,евдокимов алексей
SNEG-i-RHYTHM_2020-12-06,dnd beginner 0,гиря дмитрий
SNEG-i-RHYTHM_2020-12-06,dnd beginner 0,резчиков александр
SNEG-i-RHYTHM_2020-12-06,dnd risingstar 0,карпунин алексей
SNEG-i-RHYTHM_2020-12-06,dnd risingstar 0,цветкова елена
SNEG-i-RHYTHM_2020-12-06,dnd risingstar 0,евдокимов алексей
SNEG-i-RHYTHM_2020-12-06,dnd risingstar 0,гиря дмитрий
SNEG-i-RHYTHM_2020-12-06,dnd risingstar 0,резчиков александр
SNEG-i-RHYTHM_2020-12-06,dnd risingstar 0,карпунин алексей
SNEG-i-RHYTHM_2020-12-06,dnd risingstar 0,цветкова елена
SNEG-i-RHYTHM_2020-12-06,dnd risingstar 0,евдокимов алексей
SNEG-i-RHYTHM_2020-12-06,dnd risingstar 0,гиря дмитрий
SNEG-i-RHYTHM_2020-12-06,dnd risingstar 0,резчиков александр
SNEG-i-RHYTHM_2020-12-06,dnd beginner,карпунин алексей
SNEG-i-RHYTHM_2020-12-06,dnd beginner,цветкова елена
SNEG-i-RHYTHM_2020-12-06,dnd beginner,евдокимов алексей
SNEG-i-RHYTHM_2020-12-06,dnd beginner,гиря дмитрий
SNEG-i-RHYTHM_2020-12-06,dnd beginner,резчиков александр
SNEG-i-RHYTHM_2020-12-06,dnd beginner,карпунин алексей
SNEG-i-RHYTHM_2020-12-06,dnd beginner,цветкова елена
SNEG-i-RHYTHM_2020-12-06,dnd beginner,евдокимов алексей
SNEG-i-RHYTHM_2020-12-06,dnd beginner,гиря дмитрий
SNEG-i-RHYTHM_2020-12-06,dnd beginner,резчиков александр
SNEG-i-RHYTHM_2020-12-06,dnd risingstar,карпунин алексей
SNEG-i-RHYTHM_2020-12-06,dnd risingstar,цветкова елена
SNEG-i-RHYTHM_2020-12-06,dnd risingstar,евдокимов алексей
SNEG-i-RHYTHM_2020-12-06,dnd risingstar,гиря дмитрий
SNEG-i-RHYTHM_2020-12-06,dnd risingstar,резчиков александр
SNEG-i-RHYTHM_2020-12-06,dnd risingstar,карпунин алексей
SNEG-i-RHYTHM_2020-12-06,dnd risingstar,цветкова елена
SNEG-i-RHYTHM_2020-12-06,dnd risingstar,евдокимов алексей
SNEG-i-RHYTHM_2020-12-06,dnd risingstar,гиря дмитрий
SNEG-i-RHYTHM_2020-12-06,dnd risingstar,резчиков александр
ЭТО НЕ ЧР 2020_2020-12-12,jnj beginner 0+1,мавлатов юрий
ЭТО НЕ ЧР 2020_2020-12-12,jnj beginner 0+1,кудрявцев михаил
ЭТО НЕ ЧР 2020_2020-12-12,jnj beginner 0+1,лебедев сергей
ЭТО НЕ ЧР 2020_2020-12-12,jnj beginner 0+1,катунин павел
ЭТО НЕ ЧР 2020_2020-12-12,jnj beginner 0+1,арутюнян евгений
ЭТО НЕ ЧР 2020_2020-12-12,jnj beginner 0+1,мавлатов юрий
ЭТО НЕ ЧР 2020_2020-12-12,jnj beginner 0+1,кудрявцев михаил
ЭТО НЕ ЧР 2020_2020-12-12,jnj beginner 0+1,лебедев сергей
ЭТО НЕ ЧР 2020_2020-12-12,jnj beginner 0+1,катунин павел
ЭТО НЕ ЧР 2020_2020-12-12,jnj beginner 0+1,арутюнян евгений
ЭТО НЕ ЧР 2020_2020-12-12,jnj beginner,мавлатов юрий
ЭТО НЕ ЧР 2020_2020-12-12,jnj beginner,кудрявцев михаил
ЭТО НЕ ЧР 2020_2020-12-12,jnj beginner,лебедев сергей
ЭТО НЕ ЧР 2020_2020-12-12,jnj beginner,катунин павел
ЭТО НЕ ЧР 2020_2020-12-12,jnj beginner,арутюнян евгений
ЭТО НЕ ЧР 2020_2020-12-12,jnj beginner,мавлатов юрий
ЭТО НЕ ЧР 2020_2020-12-12,jnj beginner,кудрявцев михаил
ЭТО НЕ ЧР 2020_2020-12-12,jnj beginner,лебедев сергей
ЭТО НЕ ЧР 2020_2020-12-12,jnj beginner,катунин павел
ЭТО НЕ ЧР 2020_2020-12-12,jnj beginner,арутюнян евгений
ЭТО НЕ ЧР 2020_2020-12-12,jnj risingstar 0+1,мавлатов юрий
ЭТО НЕ ЧР 2020_2020-12-12,jnj risingstar 0+1,кудрявцев михаил
ЭТО НЕ ЧР 2020_2020-12-12,jnj risingstar 0+1,лебедев сергей
ЭТО НЕ ЧР 2020_2020-12-12,jnj risingstar 0+1,катунин павел
ЭТО НЕ ЧР 2020_2020-12-12,jnj risingstar 0+1,николаева екатерина
ЭТО НЕ ЧР 2020_2020-12-12,jnj risingstar 0+1,мавлатов юрий
ЭТО НЕ ЧР 2020_2020-12-12,jnj risingstar 0+1,кудрявцев михаил
ЭТО НЕ ЧР 2020_2020-12-12,jnj risingstar 0+1,лебедев сергей
ЭТО НЕ ЧР 2020_2020-12-12,jnj risingstar 0+1,катунин павел
ЭТО НЕ ЧР 2020_2020-12-12,jnj risingstar 0+1,николаева екатерина
ЭТО НЕ ЧР 2020_2020-12-12,jnj risingstar,мавлатов юрий
ЭТО НЕ ЧР 2020_2020-12-12,jnj risingstar,кудрявцев михаил
ЭТО НЕ ЧР 2020_2020-12-12,jnj risingstar,лебедев сергей
ЭТО НЕ ЧР 2020_2020-12-12,jnj risingstar,катунин павел
ЭТО НЕ ЧР 2020_2020-12-12,jnj risingstar,николаева екатерина
ЭТО НЕ ЧР 2020_2020-12-12,jnj risingstar,мавлатов юрий
ЭТО НЕ ЧР 2020_2020-12-12,jnj risingstar,кудрявцев михаил
ЭТО НЕ ЧР 2020_2020-12-12,jnj risingstar,лебедев сергей
ЭТО НЕ ЧР 2020_2020-12-12,jnj risingstar,катунин павел
ЭТО НЕ ЧР 2020_2020-12-12,jnj risingstar,николаева екатерина
ЭТО НЕ ЧР 2020_2020-12-12,jnj main 0+1,мавлатов юрий
ЭТО НЕ ЧР 2020_2020-12-12,jnj main 0+1,кудрявцев михаил
ЭТО НЕ ЧР 2020_2020-12-12,jnj main 0+1,лебедев сергей
ЭТО НЕ ЧР 2020_2020-12-12,jnj main 0+1,волконский иван
ЭТО НЕ ЧР 2020_2020-12-12,jnj main 0+1,николаева екатерина
ЭТО НЕ ЧР 2020_2020-12-12,jnj main 0+1,мавлатов юрий
ЭТО НЕ ЧР 2020_2020-12-12,jnj main 0+1,кудрявцев михаил
ЭТО НЕ ЧР 2020_2020-12-12,jnj main 0+1,лебедев сергей
ЭТО НЕ ЧР 2020_2020-12-12,jnj main 0+1,волконский иван
ЭТО НЕ ЧР 2020_2020-12-12,jnj main 0+1,николаева екатерина
ЭТО НЕ ЧР 2020_2020-12-12,jnj main,мавлатов юрий
ЭТО НЕ ЧР 2020_2020-12-12,jnj main,кудрявцева ирина
ЭТО НЕ ЧР 2020_2020-12-12,jnj main,лебедев сергей
ЭТО НЕ ЧР 2020_2020-12-12,jnj main,волконский иван
ЭТО НЕ ЧР 2020_2020-12-12,jnj main,николаева екатерина
ЭТО НЕ ЧР 2020_2020-12-12,jnj main,мавлатов юрий
ЭТО НЕ ЧР 2020_2020-12-12,jnj main,кудрявцева ирина
ЭТО НЕ ЧР 2020_2020-12-12,jnj main,лебедев сергей
ЭТО НЕ ЧР 2020_2020-12-12,jnj main,волконский иван
ЭТО НЕ ЧР 2020_2020-12-12,jnj main,николаева екатерина
ЭТО НЕ ЧР 2020_2020-12-12,jnj star,мавлатов юрий
ЭТО НЕ ЧР 2020_2020-12-12,jnj star,кудрявцева ирина
ЭТО НЕ ЧР 2020_2020-12-12,jnj star,лебедев сергей
ЭТО НЕ ЧР 2020_2020-12-12,jnj star,волконский иван
ЭТО НЕ ЧР 2020_2020-12-12,jnj star,николаева екатерина
ЭТО НЕ ЧР 2020_2020-12-12,jnj star,мавлатов юрий
ЭТО НЕ ЧР 2020_2020-12-12,jnj star,кудрявцева ирина
ЭТО НЕ ЧР 2020_2020-12-12,jnj star,лебедев сергей
ЭТО НЕ ЧР 2020_2020-12-12,jnj star,волконский иван
ЭТО НЕ ЧР 2020_2020-12-12,jnj star,николаева екатерина
ЭТО НЕ ЧР 2020_2020-12-12,jnj champion,мавлатов юрий
ЭТО НЕ ЧР 2020_2020-12-12,jnj champion,кудрявцева ирина
ЭТО НЕ ЧР 2020_2020-12-12,jnj champion,лебедев сергей
ЭТО НЕ ЧР 2020_2020-12-12,jnj champion,волконский иван
ЭТО НЕ ЧР 2020_2020-12-12,jnj champion,николаева екатерина
ЭТО НЕ ЧР 2020_2020-12-12,jnj champion,мавлатов юрий
ЭТО НЕ ЧР 2020_2020-12-12,jnj champion,кудрявцева ирина
ЭТО НЕ ЧР 2020_2020-12-12,jnj champion,лебедев сергей
ЭТО НЕ ЧР 2020_2020-12-12,jnj champion,волконский иван
ЭТО НЕ ЧР 2020_2020-12-12,jnj champion,николаева екатерина
